,,,,,,,,,,,,,,,,,,,,,,,,,,,,
Name,Skill ID,Name Sort ID,List Sort ID,Unique To,HP % Increase,MP % Increase,Counter Activation %,Unknown,Endure Type,Skill Type,Attribute,Updated Resistance,Phys Resistance Affected,Fire Resistance Affected,Ice Resistance Affected,Elec Resistance Affected,Force Resistance Affected,Dark Resistance Affected,Light Resistance Affected,Skill Tier,"""Scripture""",Compendium Entry,Compendium Cost?,Is Innate Skill,Effect 1,Effect 1 Parameter,Effect 2,Effect 2 Parameter
Resist Phys,401,571,78000,,,,,,,5 (E_SKILL_TYPE_AUTO_ERUPT_ATTR),0 (Phys),1 (Resist),TRUE,FALSE,FALSE,FALSE,FALSE,FALSE,FALSE,21,TRUE,TRUE,14,FALSE,,,,
Null Phys,402,577,78001,,,,,,,5 (E_SKILL_TYPE_AUTO_ERUPT_ATTR),0 (Phys),2 (Null),TRUE,FALSE,FALSE,FALSE,FALSE,FALSE,FALSE,27,TRUE,TRUE,18,FALSE,,,,
Drain Phys,403,570,78002,,,,,,,5 (E_SKILL_TYPE_AUTO_ERUPT_ATTR),0 (Phys),4 (Drain),TRUE,FALSE,FALSE,FALSE,FALSE,FALSE,FALSE,31,TRUE,TRUE,19,FALSE,,,,
Repel Phys,404,574,78003,,,,,,,5 (E_SKILL_TYPE_AUTO_ERUPT_ATTR),0 (Phys),3 (Repel),TRUE,FALSE,FALSE,FALSE,FALSE,FALSE,FALSE,31,TRUE,TRUE,19,FALSE,,,,
Resist Fire,405,93,78004,,,,,,,5 (E_SKILL_TYPE_AUTO_ERUPT_ATTR),1 (Fire),1 (Resist),FALSE,TRUE,FALSE,FALSE,FALSE,FALSE,FALSE,13,TRUE,TRUE,10,FALSE,,,,
Null Fire,406,101,78005,,,,,,,5 (E_SKILL_TYPE_AUTO_ERUPT_ATTR),1 (Fire),2 (Null),FALSE,TRUE,FALSE,FALSE,FALSE,FALSE,FALSE,23,TRUE,TRUE,16,FALSE,,,,
Drain Fire,407,92,78006,,,,,,,5 (E_SKILL_TYPE_AUTO_ERUPT_ATTR),1 (Fire),4 (Drain),FALSE,TRUE,FALSE,FALSE,FALSE,FALSE,FALSE,30,TRUE,TRUE,19,FALSE,,,,
Repel Fire,408,98,78007,,,,,,,5 (E_SKILL_TYPE_AUTO_ERUPT_ATTR),1 (Fire),3 (Repel),FALSE,TRUE,FALSE,FALSE,FALSE,FALSE,FALSE,30,TRUE,TRUE,19,FALSE,,,,
Resist Ice,409,93,78008,,,,,,,5 (E_SKILL_TYPE_AUTO_ERUPT_ATTR),2 (Ice),1 (Resist),FALSE,FALSE,TRUE,FALSE,FALSE,FALSE,FALSE,13,TRUE,TRUE,10,FALSE,,,,
Null Ice,410,556,78009,,,,,,,5 (E_SKILL_TYPE_AUTO_ERUPT_ATTR),2 (Ice),2 (Null),FALSE,FALSE,TRUE,FALSE,FALSE,FALSE,FALSE,23,TRUE,TRUE,16,FALSE,,,,
Drain Ice,411,548,78010,,,,,,,5 (E_SKILL_TYPE_AUTO_ERUPT_ATTR),2 (Ice),4 (Drain),FALSE,FALSE,TRUE,FALSE,FALSE,FALSE,FALSE,30,TRUE,TRUE,19,FALSE,,,,
Repel Ice,412,553,78011,,,,,,,5 (E_SKILL_TYPE_AUTO_ERUPT_ATTR),2 (Ice),3 (Repel),FALSE,FALSE,TRUE,FALSE,FALSE,FALSE,FALSE,30,TRUE,TRUE,19,FALSE,,,,
Resist Elec,413,435,78012,,,,,,,5 (E_SKILL_TYPE_AUTO_ERUPT_ATTR),3 (Elec),1 (Resist),FALSE,FALSE,FALSE,TRUE,FALSE,FALSE,FALSE,13,TRUE,TRUE,10,FALSE,,,,
Null Elec,414,441,78013,,,,,,,5 (E_SKILL_TYPE_AUTO_ERUPT_ATTR),3 (Elec),2 (Null),FALSE,FALSE,FALSE,TRUE,FALSE,FALSE,FALSE,23,TRUE,TRUE,16,FALSE,,,,
Drain Elec,415,434,78014,,,,,,,5 (E_SKILL_TYPE_AUTO_ERUPT_ATTR),3 (Elec),4 (Drain),FALSE,FALSE,FALSE,TRUE,FALSE,FALSE,FALSE,30,TRUE,TRUE,19,FALSE,,,,
Repel Elec,416,438,78015,,,,,,,5 (E_SKILL_TYPE_AUTO_ERUPT_ATTR),3 (Elec),3 (Repel),FALSE,FALSE,FALSE,TRUE,FALSE,FALSE,FALSE,30,TRUE,TRUE,19,FALSE,,,,
Resist Force,417,306,78016,,,,,,,5 (E_SKILL_TYPE_AUTO_ERUPT_ATTR),4 (Force),1 (Resist),FALSE,FALSE,FALSE,FALSE,TRUE,FALSE,FALSE,13,TRUE,TRUE,10,FALSE,,,,
Null Force,418,313,78017,,,,,,,5 (E_SKILL_TYPE_AUTO_ERUPT_ATTR),4 (Force),2 (Null),FALSE,FALSE,FALSE,FALSE,TRUE,FALSE,FALSE,23,TRUE,TRUE,16,FALSE,,,,
Drain Force,419,305,78018,,,,,,,5 (E_SKILL_TYPE_AUTO_ERUPT_ATTR),4 (Force),4 (Drain),FALSE,FALSE,FALSE,FALSE,TRUE,FALSE,FALSE,30,TRUE,TRUE,19,FALSE,,,,
Repel Force,420,310,78019,,,,,,,5 (E_SKILL_TYPE_AUTO_ERUPT_ATTR),4 (Force),3 (Repel),FALSE,FALSE,FALSE,FALSE,TRUE,FALSE,FALSE,30,TRUE,TRUE,19,FALSE,,,,
Resist Dark,421,293,78024,,,,,,,5 (E_SKILL_TYPE_AUTO_ERUPT_ATTR),6 (Dark),1 (Resist),FALSE,FALSE,FALSE,FALSE,FALSE,TRUE,FALSE,13,TRUE,TRUE,10,FALSE,,,,
Null Dark,422,299,78025,,,,,,,5 (E_SKILL_TYPE_AUTO_ERUPT_ATTR),6 (Dark),2 (Null),FALSE,FALSE,FALSE,FALSE,FALSE,TRUE,FALSE,23,TRUE,TRUE,16,FALSE,,,,
Drain Dark,423,292,78026,,,,,,,5 (E_SKILL_TYPE_AUTO_ERUPT_ATTR),6 (Dark),4 (Drain),FALSE,FALSE,FALSE,FALSE,FALSE,TRUE,FALSE,30,TRUE,TRUE,19,FALSE,,,,
Repel Dark,424,296,78027,,,,,,,5 (E_SKILL_TYPE_AUTO_ERUPT_ATTR),6 (Dark),3 (Repel),FALSE,FALSE,FALSE,FALSE,FALSE,TRUE,FALSE,30,TRUE,TRUE,19,FALSE,,,,
Resist Light,425,518,78020,,,,,,,5 (E_SKILL_TYPE_AUTO_ERUPT_ATTR),5 (Light),1 (Resist),FALSE,FALSE,FALSE,FALSE,FALSE,FALSE,TRUE,13,TRUE,TRUE,10,FALSE,,,,
Null Light,426,527,78021,,,,,,,5 (E_SKILL_TYPE_AUTO_ERUPT_ATTR),5 (Light),2 (Null),FALSE,FALSE,FALSE,FALSE,FALSE,FALSE,TRUE,23,TRUE,TRUE,16,FALSE,,,,
Drain Light,427,517,78022,,,,,,,5 (E_SKILL_TYPE_AUTO_ERUPT_ATTR),5 (Light),4 (Drain),FALSE,FALSE,FALSE,FALSE,FALSE,FALSE,TRUE,30,TRUE,TRUE,19,FALSE,,,,
Repel Light,428,524,78023,,,,,,,5 (E_SKILL_TYPE_AUTO_ERUPT_ATTR),5 (Light),3 (Repel),FALSE,FALSE,FALSE,FALSE,FALSE,FALSE,TRUE,30,TRUE,TRUE,19,FALSE,,,,
Light Life Aid,429,317,78028,,,,,,,6 (E_SKILL_TYPE_AUTO_ERUPT),0 (Phys),,FALSE,FALSE,FALSE,FALSE,FALSE,FALSE,FALSE,9,TRUE,TRUE,13,FALSE,27 (E_BATTLE_WIN_HP_CURE_VALUE),25,,
Life Aid,430,316,78029,,,,,,,6 (E_SKILL_TYPE_AUTO_ERUPT),0 (Phys),,FALSE,FALSE,FALSE,FALSE,FALSE,FALSE,FALSE,16,TRUE,TRUE,13,FALSE,27 (E_BATTLE_WIN_HP_CURE_VALUE),50,,
Light Mana Aid,431,318,78030,,,,,,,6 (E_SKILL_TYPE_AUTO_ERUPT),0 (Phys),,FALSE,FALSE,FALSE,FALSE,FALSE,FALSE,FALSE,12,TRUE,TRUE,12,FALSE,28 (E_BATTLE_WIN_MP_CURE_VALUE),7,,
Mana Aid,432,319,78031,,,,,,,6 (E_SKILL_TYPE_AUTO_ERUPT),0 (Phys),,FALSE,FALSE,FALSE,FALSE,FALSE,FALSE,FALSE,22,TRUE,TRUE,18,FALSE,28 (E_BATTLE_WIN_MP_CURE_VALUE),15,,
NOT USED:SKILL_NAME_SKILL_ID_433,433,999,99999,,,,,,,6 (E_SKILL_TYPE_AUTO_ERUPT),0 (Phys),,FALSE,FALSE,FALSE,FALSE,FALSE,FALSE,FALSE,,FALSE,FALSE,7,FALSE,,,,
Counter,434,532,78032,,,,50,,,6 (E_SKILL_TYPE_AUTO_ERUPT),0 (Phys),,FALSE,FALSE,FALSE,FALSE,FALSE,FALSE,FALSE,8,TRUE,TRUE,12,FALSE,26 (E_COUNTERSKILL_ID),190,,
Retaliate,435,724,78033,,,,50,,,6 (E_SKILL_TYPE_AUTO_ERUPT),0 (Phys),,FALSE,FALSE,FALSE,FALSE,FALSE,FALSE,FALSE,18,TRUE,TRUE,12,FALSE,26 (E_COUNTERSKILL_ID),191,,
Heavenly Counter,436,21,81000,38 (Amanozako),,,65,,,6 (E_SKILL_TYPE_AUTO_ERUPT),0 (Phys),,FALSE,FALSE,FALSE,FALSE,FALSE,FALSE,FALSE,,FALSE,FALSE,12,FALSE,26 (E_COUNTERSKILL_ID),117,,
Life Spring,437,111,78034,,15,,,,,6 (E_SKILL_TYPE_AUTO_ERUPT),0 (Phys),,FALSE,FALSE,FALSE,FALSE,FALSE,FALSE,FALSE,7,TRUE,TRUE,6,FALSE,,,,
Great Life Spring,438,368,78035,,30,,,,,6 (E_SKILL_TYPE_AUTO_ERUPT),0 (Phys),,FALSE,FALSE,FALSE,FALSE,FALSE,FALSE,FALSE,15,TRUE,TRUE,12,FALSE,,,,
Mana Spring,439,681,78036,,,15,,,,6 (E_SKILL_TYPE_AUTO_ERUPT),0 (Phys),,FALSE,FALSE,FALSE,FALSE,FALSE,FALSE,FALSE,8,TRUE,TRUE,6,FALSE,,,,
Great Mana Spring,440,372,78037,,,30,,,,6 (E_SKILL_TYPE_AUTO_ERUPT),0 (Phys),,FALSE,FALSE,FALSE,FALSE,FALSE,FALSE,FALSE,16,TRUE,TRUE,12,FALSE,,,,
Curse Siphon,441,491,78038,,,,,,,6 (E_SKILL_TYPE_AUTO_ERUPT),0 (Phys),,FALSE,FALSE,FALSE,FALSE,FALSE,FALSE,FALSE,7,TRUE,TRUE,18,FALSE,12 (E_ADD_BST_MP_VALUE),10,,
Great Curse Siphon,442,492,78039,,,,,,,6 (E_SKILL_TYPE_AUTO_ERUPT),0 (Phys),,FALSE,FALSE,FALSE,FALSE,FALSE,FALSE,FALSE,16,TRUE,TRUE,10,FALSE,12 (E_ADD_BST_MP_VALUE),20,,
Endure,443,159,78040,,,,,,1,6 (E_SKILL_TYPE_AUTO_ERUPT),0 (Phys),,FALSE,FALSE,FALSE,FALSE,FALSE,FALSE,FALSE,13,TRUE,TRUE,11,FALSE,,,,
Enduring Soul,444,564,78041,,,,,,2,6 (E_SKILL_TYPE_AUTO_ERUPT),0 (Phys),,FALSE,FALSE,FALSE,FALSE,FALSE,FALSE,FALSE,22,TRUE,TRUE,6,FALSE,,,,
NOT USED:SKILL_NAME_SKILL_ID_445,445,421,81001,,,,50,,,6 (E_SKILL_TYPE_AUTO_ERUPT),0 (Phys),,FALSE,FALSE,FALSE,FALSE,FALSE,FALSE,FALSE,,FALSE,FALSE,,FALSE,26 (E_COUNTERSKILL_ID),141,,
NOT USED:SKILL_NAME_SKILL_ID_446,446,999,99999,,,,,,,6 (E_SKILL_TYPE_AUTO_ERUPT),0 (Phys),,FALSE,FALSE,FALSE,FALSE,FALSE,FALSE,FALSE,,FALSE,FALSE,,FALSE,,,,
Critical Zealot,447,83,78042,,,,,,,6 (E_SKILL_TYPE_AUTO_ERUPT),0 (Phys),,FALSE,FALSE,FALSE,FALSE,FALSE,FALSE,FALSE,21,TRUE,TRUE,6,FALSE,20 (E_CRITICAL_DAMAGE_RATE),145,24 (E_NORMAL_DAMAGE_RATE),90
NOT USED:SKILL_NAME_SKILL_ID_448,448,999,99999,,,,,,,6 (E_SKILL_TYPE_AUTO_ERUPT),0 (Phys),,FALSE,FALSE,FALSE,FALSE,FALSE,FALSE,FALSE,,FALSE,FALSE,,FALSE,,130,24 (E_NORMAL_DAMAGE_RATE),80
NOT USED:SKILL_NAME_SKILL_ID_449,449,999,99999,,,,,,,6 (E_SKILL_TYPE_AUTO_ERUPT),0 (Phys),,FALSE,FALSE,FALSE,FALSE,FALSE,FALSE,FALSE,,FALSE,FALSE,,FALSE,,150,25 (E_ATTR_DAMAGE_RATE),80
Rooted Soul,450,362,81002,-1,,,,,,6 (E_SKILL_TYPE_AUTO_ERUPT),0 (Phys),,FALSE,FALSE,FALSE,FALSE,FALSE,FALSE,FALSE,,FALSE,FALSE,,FALSE,31 (E_HP_UP_VALUE),30,32 (E_MP_UP_VALUE),30
Elusive Eclipse,451,78,81003,-1,,,100,,,6 (E_SKILL_TYPE_AUTO_ERUPT),0 (Phys),,FALSE,FALSE,FALSE,FALSE,FALSE,FALSE,FALSE,,FALSE,FALSE,,FALSE,181 (E_AVOID_UP),95,180 (E_AVOID_COUNTER),920
Intercalation,452,303,81004,-1,,,,,,6 (E_SKILL_TYPE_AUTO_ERUPT),0 (Phys),,FALSE,FALSE,FALSE,FALSE,FALSE,FALSE,FALSE,,FALSE,FALSE,,FALSE,182 (E_ADD_PRESS_AVOLD),,,
NOT USED:SKILL_NAME_SKILL_ID_453,453,999,99999,,,,,,,11 (E_SKILL_TYPE_STATUS_UP),0 (Phys),,FALSE,FALSE,FALSE,FALSE,FALSE,FALSE,FALSE,,FALSE,FALSE,,FALSE,,,,
NOT USED:SKILL_NAME_SKILL_ID_454,454,999,99999,,,,,,,11 (E_SKILL_TYPE_STATUS_UP),0 (Phys),,FALSE,FALSE,FALSE,FALSE,FALSE,FALSE,FALSE,,FALSE,FALSE,,FALSE,,,,
NOT USED:SKILL_NAME_SKILL_ID_455,455,999,99999,,,,,,,11 (E_SKILL_TYPE_STATUS_UP),0 (Phys),,FALSE,FALSE,FALSE,FALSE,FALSE,FALSE,FALSE,,FALSE,FALSE,,FALSE,,,,
NOT USED:SKILL_NAME_SKILL_ID_456,456,999,99999,,,,,,,6 (E_SKILL_TYPE_AUTO_ERUPT),0 (Phys),,FALSE,FALSE,FALSE,FALSE,FALSE,FALSE,FALSE,,FALSE,FALSE,,FALSE,,,,
NOT USED:SKILL_NAME_SKILL_ID_457,457,999,99999,,,,,,,6 (E_SKILL_TYPE_AUTO_ERUPT),0 (Phys),,FALSE,FALSE,FALSE,FALSE,FALSE,FALSE,FALSE,,FALSE,FALSE,,FALSE,,115,,
NOT USED:SKILL_NAME_SKILL_ID_458,458,999,99999,,,,,,,6 (E_SKILL_TYPE_AUTO_ERUPT),0 (Phys),,FALSE,FALSE,FALSE,FALSE,FALSE,FALSE,FALSE,,FALSE,FALSE,,FALSE,,115,,
NOT USED:SKILL_NAME_SKILL_ID_459,459,999,99999,,,,,,,6 (E_SKILL_TYPE_AUTO_ERUPT),0 (Phys),,FALSE,FALSE,FALSE,FALSE,FALSE,FALSE,FALSE,,FALSE,FALSE,,FALSE,,115,,
NOT USED:SKILL_NAME_SKILL_ID_460,460,999,99999,,,,,,,6 (E_SKILL_TYPE_AUTO_ERUPT),0 (Phys),,FALSE,FALSE,FALSE,FALSE,FALSE,FALSE,FALSE,,FALSE,FALSE,,FALSE,,115,,
NOT USED:SKILL_NAME_SKILL_ID_461,461,999,99999,,,,,,,6 (E_SKILL_TYPE_AUTO_ERUPT),0 (Phys),,FALSE,FALSE,FALSE,FALSE,FALSE,FALSE,FALSE,,FALSE,FALSE,,FALSE,,,,
NOT USED:SKILL_NAME_SKILL_ID_462,462,999,99999,,,,,,,6 (E_SKILL_TYPE_AUTO_ERUPT),0 (Phys),,FALSE,FALSE,FALSE,FALSE,FALSE,FALSE,FALSE,,FALSE,FALSE,,FALSE,,,,
NOT USED:SKILL_NAME_SKILL_ID_463,463,999,99999,,,,,,,6 (E_SKILL_TYPE_AUTO_ERUPT),0 (Phys),,FALSE,FALSE,FALSE,FALSE,FALSE,FALSE,FALSE,,FALSE,FALSE,,FALSE,,,,
Restore,464,762,78043,,,,,,,6 (E_SKILL_TYPE_AUTO_ERUPT),0 (Phys),,FALSE,FALSE,FALSE,FALSE,FALSE,FALSE,FALSE,10,TRUE,TRUE,14,FALSE,13 (E_WEAK_CRITICAL_HALF_MP_VALUE),10,,
High Restore,465,500,78044,,,,,,,6 (E_SKILL_TYPE_AUTO_ERUPT),0 (Phys),,FALSE,FALSE,FALSE,FALSE,FALSE,FALSE,FALSE,20,TRUE,TRUE,11,FALSE,13 (E_WEAK_CRITICAL_HALF_MP_VALUE),20,,
NOT USED:SKILL_NAME_SKILL_ID_466,466,999,99999,,,,,,,6 (E_SKILL_TYPE_AUTO_ERUPT),0 (Phys),,FALSE,FALSE,FALSE,FALSE,FALSE,FALSE,FALSE,,FALSE,FALSE,,FALSE,,10,,
NOT USED:SKILL_NAME_SKILL_ID_467,467,999,99999,,,,,,,6 (E_SKILL_TYPE_AUTO_ERUPT),0 (Phys),,FALSE,FALSE,FALSE,FALSE,FALSE,FALSE,FALSE,,FALSE,FALSE,,FALSE,,20,,
Boon Boost,468,64,78045,,,,,,,6 (E_SKILL_TYPE_AUTO_ERUPT),0 (Phys),,FALSE,FALSE,FALSE,FALSE,FALSE,FALSE,FALSE,12,TRUE,TRUE,14,FALSE,8 (E_KAJYANDA_TURN),1,,
Boon Boost EX,469,65,78046,,,,,,,6 (E_SKILL_TYPE_AUTO_ERUPT),0 (Phys),,FALSE,FALSE,FALSE,FALSE,FALSE,FALSE,FALSE,31,TRUE,TRUE,14,FALSE,8 (E_KAJYANDA_TURN),2,,
Poison Adept,470,461,78047,,,,,,,6 (E_SKILL_TYPE_AUTO_ERUPT),0 (Phys),,FALSE,FALSE,FALSE,FALSE,FALSE,FALSE,FALSE,14,TRUE,TRUE,14,FALSE,3 (E_POISON_RATE),2,,
Poison Master,471,723,78048,,,,,,,6 (E_SKILL_TYPE_AUTO_ERUPT),0 (Phys),,FALSE,FALSE,FALSE,FALSE,FALSE,FALSE,FALSE,23,TRUE,TRUE,14,FALSE,3 (E_POISON_RATE),3,,
Safeguard,472,345,78049,,,,,,,6 (E_SKILL_TYPE_AUTO_ERUPT),0 (Phys),,FALSE,FALSE,FALSE,FALSE,FALSE,FALSE,FALSE,15,TRUE,TRUE,8,FALSE,7 (E_FAILED_ATTACK_PRESS_NORMAL),,,
NOT USED:SKILL_NAME_SKILL_ID_473,473,999,99999,,,,,,,6 (E_SKILL_TYPE_AUTO_ERUPT),0 (Phys),,FALSE,FALSE,FALSE,FALSE,FALSE,FALSE,FALSE,,FALSE,FALSE,,FALSE,,,,
Hellish Mask,474,248,78050,,,,,,,6 (E_SKILL_TYPE_AUTO_ERUPT),0 (Phys),,FALSE,FALSE,FALSE,FALSE,FALSE,FALSE,FALSE,12,TRUE,TRUE,8,FALSE,4 (E_BST_RATE),70,,
Abyssal Mask,475,479,78051,,,,,,,6 (E_SKILL_TYPE_AUTO_ERUPT),0 (Phys),,FALSE,FALSE,FALSE,FALSE,FALSE,FALSE,FALSE,21,TRUE,TRUE,13,FALSE,4 (E_BST_RATE),40,,
NOT USED:SKILL_NAME_SKILL_ID_476,476,999,99999,,,,,,,6 (E_SKILL_TYPE_AUTO_ERUPT),0 (Phys),,FALSE,FALSE,FALSE,FALSE,FALSE,FALSE,FALSE,,FALSE,FALSE,,FALSE,,,,
Inspiring Leader,477,397,81005,-2,,,,,,6 (E_SKILL_TYPE_AUTO_ERUPT),0 (Phys),,FALSE,FALSE,FALSE,FALSE,FALSE,FALSE,FALSE,8,FALSE,FALSE,12,FALSE,1 (E_NKM_EXP_UP),200,,
Beast Eye,478,282,78052,,,,,,,6 (E_SKILL_TYPE_AUTO_ERUPT),0 (Phys),,FALSE,FALSE,FALSE,FALSE,FALSE,FALSE,FALSE,7,TRUE,TRUE,7,FALSE,2 (E_HITRATE_UP),115,,
Dragon Eye,479,764,78053,,,,,,,6 (E_SKILL_TYPE_AUTO_ERUPT),0 (Phys),,FALSE,FALSE,FALSE,FALSE,FALSE,FALSE,FALSE,19,TRUE,TRUE,8,FALSE,2 (E_HITRATE_UP),130,,
Bloody Glee,480,204,78054,,,,,,,6 (E_SKILL_TYPE_AUTO_ERUPT),0 (Phys),,FALSE,FALSE,FALSE,FALSE,FALSE,FALSE,FALSE,8,TRUE,TRUE,15,FALSE,5 (E_TARGET_CRITICAL_RATE),180,,
Murderous Glee,481,691,78055,,,,,,,6 (E_SKILL_TYPE_AUTO_ERUPT),0 (Phys),,FALSE,FALSE,FALSE,FALSE,FALSE,FALSE,FALSE,21,TRUE,TRUE,13,FALSE,5 (E_TARGET_CRITICAL_RATE),250,,
NOT USED:SKILL_NAME_SKILL_ID_482,482,999,99999,,,,,1,,5 (E_SKILL_TYPE_AUTO_ERUPT_ATTR),0 (Phys),,FALSE,FALSE,FALSE,FALSE,FALSE,FALSE,FALSE,,FALSE,FALSE,,FALSE,,,,
NOT USED:SKILL_NAME_SKILL_ID_483,483,999,99999,,,,,2,,5 (E_SKILL_TYPE_AUTO_ERUPT_ATTR),0 (Phys),,FALSE,FALSE,FALSE,FALSE,FALSE,FALSE,FALSE,,FALSE,FALSE,,FALSE,,,,
NOT USED:SKILL_NAME_SKILL_ID_484,484,999,99999,,,,,3,,5 (E_SKILL_TYPE_AUTO_ERUPT_ATTR),0 (Phys),,FALSE,FALSE,FALSE,FALSE,FALSE,FALSE,FALSE,,FALSE,FALSE,,FALSE,,,,
NOT USED:SKILL_NAME_SKILL_ID_485,485,999,99999,,,,,4,,5 (E_SKILL_TYPE_AUTO_ERUPT_ATTR),0 (Phys),,FALSE,FALSE,FALSE,FALSE,FALSE,FALSE,FALSE,,FALSE,FALSE,,FALSE,,,,
NOT USED:SKILL_NAME_SKILL_ID_486,486,999,99999,,,,,5,,5 (E_SKILL_TYPE_AUTO_ERUPT_ATTR),0 (Phys),,FALSE,FALSE,FALSE,FALSE,FALSE,FALSE,FALSE,,FALSE,FALSE,,FALSE,,,,
NOT USED:SKILL_NAME_SKILL_ID_487,487,999,99999,,,,,6,,5 (E_SKILL_TYPE_AUTO_ERUPT_ATTR),0 (Phys),,FALSE,FALSE,FALSE,FALSE,FALSE,FALSE,FALSE,,FALSE,FALSE,,FALSE,,,,
NOT USED:SKILL_NAME_SKILL_ID_488,488,999,99999,,,,,7,,5 (E_SKILL_TYPE_AUTO_ERUPT_ATTR),0 (Phys),,FALSE,FALSE,FALSE,FALSE,FALSE,FALSE,FALSE,,FALSE,FALSE,,FALSE,,,,
Phys Pleroma,489,575,78056,,,,,,,5 (E_SKILL_TYPE_AUTO_ERUPT_ATTR),0 (Phys),,FALSE,FALSE,FALSE,FALSE,FALSE,FALSE,FALSE,20,TRUE,TRUE,20,FALSE,30 (E_BOOSTA_RATE),120,,
High Phys Pleroma,490,569,78057,,,,,,,5 (E_SKILL_TYPE_AUTO_ERUPT_ATTR),0 (Phys),,FALSE,FALSE,FALSE,FALSE,FALSE,FALSE,FALSE,29,TRUE,TRUE,17,FALSE,30 (E_BOOSTA_RATE),135,,
Fire Pleroma,491,99,78058,,,,,,,5 (E_SKILL_TYPE_AUTO_ERUPT_ATTR),1 (Fire),,FALSE,FALSE,FALSE,FALSE,FALSE,FALSE,FALSE,14,TRUE,TRUE,19,FALSE,30 (E_BOOSTA_RATE),120,,
High Fire Pleroma,492,91,78059,,,,,,,5 (E_SKILL_TYPE_AUTO_ERUPT_ATTR),1 (Fire),,FALSE,FALSE,FALSE,FALSE,FALSE,FALSE,FALSE,26,TRUE,TRUE,12,FALSE,30 (E_BOOSTA_RATE),135,,
Ice Pleroma,493,554,78060,,,,,,,5 (E_SKILL_TYPE_AUTO_ERUPT_ATTR),2 (Ice),,FALSE,FALSE,FALSE,FALSE,FALSE,FALSE,FALSE,14,TRUE,TRUE,17,FALSE,30 (E_BOOSTA_RATE),120,,
High Ice Pleroma,494,547,78061,,,,,,,5 (E_SKILL_TYPE_AUTO_ERUPT_ATTR),2 (Ice),,FALSE,FALSE,FALSE,FALSE,FALSE,FALSE,FALSE,26,TRUE,TRUE,12,FALSE,30 (E_BOOSTA_RATE),135,,
Elec Pleroma,495,439,78062,,,,,,,5 (E_SKILL_TYPE_AUTO_ERUPT_ATTR),3 (Elec),,FALSE,FALSE,FALSE,FALSE,FALSE,FALSE,FALSE,14,TRUE,TRUE,17,FALSE,30 (E_BOOSTA_RATE),120,,
High Elec Pleroma,496,433,78063,,,,,,,5 (E_SKILL_TYPE_AUTO_ERUPT_ATTR),3 (Elec),,FALSE,FALSE,FALSE,FALSE,FALSE,FALSE,FALSE,26,TRUE,TRUE,12,FALSE,30 (E_BOOSTA_RATE),135,,
Force Pleroma,497,311,78064,,,,,,,5 (E_SKILL_TYPE_AUTO_ERUPT_ATTR),4 (Force),,FALSE,FALSE,FALSE,FALSE,FALSE,FALSE,FALSE,14,TRUE,TRUE,17,FALSE,30 (E_BOOSTA_RATE),120,,
High Force Pleroma,498,304,78065,,,,,,,5 (E_SKILL_TYPE_AUTO_ERUPT_ATTR),4 (Force),,FALSE,FALSE,FALSE,FALSE,FALSE,FALSE,FALSE,26,TRUE,TRUE,12,FALSE,30 (E_BOOSTA_RATE),135,,
Heal Pleroma,499,88,78072,,,,,,,5 (E_SKILL_TYPE_AUTO_ERUPT_ATTR),29 (E_ATTRIBUTE_TYPE_RECOVERLY),,FALSE,FALSE,FALSE,FALSE,FALSE,FALSE,FALSE,14,TRUE,TRUE,17,FALSE,30 (E_BOOSTA_RATE),120,,
High Heal Pleroma,500,87,78073,,,,,,,5 (E_SKILL_TYPE_AUTO_ERUPT_ATTR),29 (E_ATTRIBUTE_TYPE_RECOVERLY),,FALSE,FALSE,FALSE,FALSE,FALSE,FALSE,FALSE,26,TRUE,TRUE,12,FALSE,30 (E_BOOSTA_RATE),135,,
Dark Pleroma,501,297,78068,,,,,,,5 (E_SKILL_TYPE_AUTO_ERUPT_ATTR),6 (Dark),,FALSE,FALSE,FALSE,FALSE,FALSE,FALSE,FALSE,14,TRUE,TRUE,17,FALSE,30 (E_BOOSTA_RATE),120,,
High Dark Pleroma,502,291,78069,,,,,,,5 (E_SKILL_TYPE_AUTO_ERUPT_ATTR),6 (Dark),,FALSE,FALSE,FALSE,FALSE,FALSE,FALSE,FALSE,26,TRUE,TRUE,12,FALSE,30 (E_BOOSTA_RATE),135,,
Light Pleroma,503,525,78066,,,,,,,5 (E_SKILL_TYPE_AUTO_ERUPT_ATTR),5 (Light),,FALSE,FALSE,FALSE,FALSE,FALSE,FALSE,FALSE,14,TRUE,TRUE,17,FALSE,30 (E_BOOSTA_RATE),120,,
High Light Pleroma,504,516,78067,,,,,,,5 (E_SKILL_TYPE_AUTO_ERUPT_ATTR),5 (Light),,FALSE,FALSE,FALSE,FALSE,FALSE,FALSE,FALSE,26,TRUE,TRUE,12,FALSE,30 (E_BOOSTA_RATE),135,,
Almighty Pleroma,505,536,78070,,,,,,,5 (E_SKILL_TYPE_AUTO_ERUPT_ATTR),7 (E_ATTRIBUTE_TYPE_ALL),,FALSE,FALSE,FALSE,FALSE,FALSE,FALSE,FALSE,24,TRUE,TRUE,17,FALSE,30 (E_BOOSTA_RATE),120,,
High Almighty Pleroma,506,535,78071,,,,,,,5 (E_SKILL_TYPE_AUTO_ERUPT_ATTR),7 (E_ATTRIBUTE_TYPE_ALL),,FALSE,FALSE,FALSE,FALSE,FALSE,FALSE,FALSE,31,TRUE,TRUE,19,FALSE,30 (E_BOOSTA_RATE),135,,
NOT USED:SKILL_NAME_SKILL_ID_507,507,999,99999,,,,,,,5 (E_SKILL_TYPE_AUTO_ERUPT_ATTR),0 (Phys),,FALSE,FALSE,FALSE,FALSE,FALSE,FALSE,FALSE,,FALSE,FALSE,,FALSE,,,,
NOT USED:SKILL_NAME_SKILL_ID_508,508,999,99999,,,,,,,6 (E_SKILL_TYPE_AUTO_ERUPT),0 (Phys),,FALSE,FALSE,FALSE,FALSE,FALSE,FALSE,FALSE,,FALSE,FALSE,,FALSE,,,,
NOT USED:SKILL_NAME_SKILL_ID_509,509,999,99999,,,,,,,0 (E_SKILL_TYPE_PHYSICAL_ATK),0 (Phys),,FALSE,FALSE,FALSE,FALSE,FALSE,FALSE,FALSE,,FALSE,FALSE,,FALSE,,,,
Impaler's Revenge,510,215,81006,,,,,,,6 (E_SKILL_TYPE_AUTO_ERUPT),0 (Phys),,FALSE,FALSE,FALSE,FALSE,FALSE,FALSE,FALSE,,FALSE,FALSE,,FALSE,179 (E_DAMAGED_RAND_KANTUU),30,,
Lightning Pulse,511,612,81007,,,,100,,,6 (E_SKILL_TYPE_AUTO_ERUPT),0 (Phys),,FALSE,FALSE,FALSE,FALSE,FALSE,FALSE,FALSE,,FALSE,FALSE,,FALSE,29 (E_COUNTER_ELECTRIFICATION_NUM),,26 (E_COUNTERSKILL_ID),88
NOT USED:SKILL_NAME_SKILL_ID_512,512,999,99999,,,,,,,0 (E_SKILL_TYPE_PHYSICAL_ATK),0 (Phys),,FALSE,FALSE,FALSE,FALSE,FALSE,FALSE,FALSE,,FALSE,FALSE,,FALSE,,,,
NOT USED:SKILL_NAME_SKILL_ID_513,513,999,99999,,,,,,,0 (E_SKILL_TYPE_PHYSICAL_ATK),0 (Phys),,FALSE,FALSE,FALSE,FALSE,FALSE,FALSE,FALSE,,FALSE,FALSE,,FALSE,,,,
NOT USED:SKILL_NAME_SKILL_ID_514,514,999,99999,,,,,,,0 (E_SKILL_TYPE_PHYSICAL_ATK),0 (Phys),,FALSE,FALSE,FALSE,FALSE,FALSE,FALSE,FALSE,,FALSE,FALSE,,FALSE,,,,
NOT USED:SKILL_NAME_SKILL_ID_515,515,999,99999,,,,,,,0 (E_SKILL_TYPE_PHYSICAL_ATK),0 (Phys),,FALSE,FALSE,FALSE,FALSE,FALSE,FALSE,FALSE,,FALSE,FALSE,,FALSE,,,,
NOT USED:SKILL_NAME_SKILL_ID_516,516,999,99999,,,,,,,0 (E_SKILL_TYPE_PHYSICAL_ATK),0 (Phys),,FALSE,FALSE,FALSE,FALSE,FALSE,FALSE,FALSE,,FALSE,FALSE,,FALSE,,,,
NOT USED:SKILL_NAME_SKILL_ID_517,517,999,99999,,,,,,,0 (E_SKILL_TYPE_PHYSICAL_ATK),0 (Phys),,FALSE,FALSE,FALSE,FALSE,FALSE,FALSE,FALSE,,FALSE,FALSE,,FALSE,,,,
NOT USED:SKILL_NAME_SKILL_ID_518,518,999,99999,,,,,,,0 (E_SKILL_TYPE_PHYSICAL_ATK),0 (Phys),,FALSE,FALSE,FALSE,FALSE,FALSE,FALSE,FALSE,,FALSE,FALSE,,FALSE,,,,
NOT USED:SKILL_NAME_SKILL_ID_519,519,999,99999,,,,,,,0 (E_SKILL_TYPE_PHYSICAL_ATK),0 (Phys),,FALSE,FALSE,FALSE,FALSE,FALSE,FALSE,FALSE,,FALSE,FALSE,,FALSE,,,,
NOT USED:SKILL_NAME_SKILL_ID_520,520,999,99999,,,,,,,0 (E_SKILL_TYPE_PHYSICAL_ATK),0 (Phys),,FALSE,FALSE,FALSE,FALSE,FALSE,FALSE,FALSE,,FALSE,FALSE,,FALSE,,,,
NOT USED:SKILL_NAME_SKILL_ID_521,521,999,99999,,,,,,,0 (E_SKILL_TYPE_PHYSICAL_ATK),0 (Phys),,FALSE,FALSE,FALSE,FALSE,FALSE,FALSE,FALSE,,FALSE,FALSE,,FALSE,,,,
NOT USED:SKILL_NAME_SKILL_ID_522,522,999,99999,,,,,,,0 (E_SKILL_TYPE_PHYSICAL_ATK),0 (Phys),,FALSE,FALSE,FALSE,FALSE,FALSE,FALSE,FALSE,,FALSE,FALSE,,FALSE,,,,
NOT USED:SKILL_NAME_SKILL_ID_523,523,999,99999,,,,,,,0 (E_SKILL_TYPE_PHYSICAL_ATK),0 (Phys),,FALSE,FALSE,FALSE,FALSE,FALSE,FALSE,FALSE,,FALSE,FALSE,,FALSE,,,,
NOT USED:SKILL_NAME_SKILL_ID_524,524,999,99999,,,,,,,0 (E_SKILL_TYPE_PHYSICAL_ATK),0 (Phys),,FALSE,FALSE,FALSE,FALSE,FALSE,FALSE,FALSE,,FALSE,FALSE,,FALSE,,,,
NOT USED:SKILL_NAME_SKILL_ID_525,525,999,99999,,,,,,,0 (E_SKILL_TYPE_PHYSICAL_ATK),0 (Phys),,FALSE,FALSE,FALSE,FALSE,FALSE,FALSE,FALSE,,FALSE,FALSE,,FALSE,,,,
NOT USED:SKILL_NAME_SKILL_ID_526,526,999,99999,,,,,,,0 (E_SKILL_TYPE_PHYSICAL_ATK),0 (Phys),,FALSE,FALSE,FALSE,FALSE,FALSE,FALSE,FALSE,,FALSE,FALSE,,FALSE,,,,
NOT USED:SKILL_NAME_SKILL_ID_527,527,999,99999,,,,,,,0 (E_SKILL_TYPE_PHYSICAL_ATK),0 (Phys),,FALSE,FALSE,FALSE,FALSE,FALSE,FALSE,FALSE,,FALSE,FALSE,,FALSE,,,,
NOT USED:SKILL_NAME_SKILL_ID_528,528,999,99999,,,,,,,0 (E_SKILL_TYPE_PHYSICAL_ATK),0 (Phys),,FALSE,FALSE,FALSE,FALSE,FALSE,FALSE,FALSE,,FALSE,FALSE,,FALSE,,,,
NOT USED:SKILL_NAME_SKILL_ID_529,529,999,99999,,,,,,,0 (E_SKILL_TYPE_PHYSICAL_ATK),0 (Phys),,FALSE,FALSE,FALSE,FALSE,FALSE,FALSE,FALSE,,FALSE,FALSE,,FALSE,,,,
NOT USED:SKILL_NAME_SKILL_ID_530,530,999,99999,,,,,,,0 (E_SKILL_TYPE_PHYSICAL_ATK),0 (Phys),,FALSE,FALSE,FALSE,FALSE,FALSE,FALSE,FALSE,,FALSE,FALSE,,FALSE,,,,
Magatsuhi Spring,531,641,81008,,,,,,,6 (E_SKILL_TYPE_AUTO_ERUPT),0 (Phys),,FALSE,FALSE,FALSE,FALSE,FALSE,FALSE,FALSE,,FALSE,FALSE,,TRUE,33 (E_UNIQUE_GAUGE_MAX_MP_CURE),5,,
Forager,532,218,81009,,,,,,,6 (E_SKILL_TYPE_AUTO_ERUPT),0 (Phys),,FALSE,FALSE,FALSE,FALSE,FALSE,FALSE,FALSE,,FALSE,FALSE,,TRUE,34 (E_UNIQUE_REDUCTION_RELIC_COLLECTION_TIME),,,
Demonic Mediation,533,12,81010,,,,,,,6 (E_SKILL_TYPE_AUTO_ERUPT),0 (Phys),,FALSE,FALSE,FALSE,FALSE,FALSE,FALSE,FALSE,,FALSE,FALSE,,TRUE,35 (E_UNIQUE_TALK_MEDIATE),,,
Allure,534,48,81011,,,,,,,6 (E_SKILL_TYPE_AUTO_ERUPT),0 (Phys),,FALSE,FALSE,FALSE,FALSE,FALSE,FALSE,FALSE,,FALSE,FALSE,,TRUE,36 (E_UNIQUE_TALK_DISCOUNT),,,
Mother of Ploys,535,615,81012,,,,,,,6 (E_SKILL_TYPE_AUTO_ERUPT),0 (Phys),,FALSE,FALSE,FALSE,FALSE,FALSE,FALSE,FALSE,,FALSE,FALSE,,TRUE,37 (E_UNIQUE_CHANGE_MAJIN),,,
Monstrous Offering,536,89,81013,,,,,,,6 (E_SKILL_TYPE_AUTO_ERUPT),0 (Phys),,FALSE,FALSE,FALSE,FALSE,FALSE,FALSE,FALSE,,FALSE,FALSE,,TRUE,38 (E_UNIQUE_CHANGE_HAKAISHIN_RYUUO),,,
Skyward Withdrawal,537,66,81014,,,,,,,6 (E_SKILL_TYPE_AUTO_ERUPT),0 (Phys),,FALSE,FALSE,FALSE,FALSE,FALSE,FALSE,FALSE,,FALSE,FALSE,,TRUE,39 (E_UNIQUE_CHANGE_GENMA),,,
Four Horsemen,538,726,81015,,,,,,,6 (E_SKILL_TYPE_AUTO_ERUPT),0 (Phys),,FALSE,FALSE,FALSE,FALSE,FALSE,FALSE,FALSE,,FALSE,FALSE,,TRUE,40 (E_UNIQUE_CHANGE_4KNIGHT),,,
Curious Dance,539,49,81016,,,,,,,6 (E_SKILL_TYPE_AUTO_ERUPT),0 (Phys),,FALSE,FALSE,FALSE,FALSE,FALSE,FALSE,FALSE,,FALSE,FALSE,,TRUE,41 (E_UNIQUE_CHANGE_KAJYA),,,
Runes of Wisdom,540,382,81017,,,,,,,6 (E_SKILL_TYPE_AUTO_ERUPT),0 (Phys),,FALSE,FALSE,FALSE,FALSE,FALSE,FALSE,FALSE,,FALSE,FALSE,,TRUE,42 (E_UNIQUE_CHANGE_BATK),,,
Eye of Ra,541,746,81018,,,,,,,6 (E_SKILL_TYPE_AUTO_ERUPT),0 (Phys),,FALSE,FALSE,FALSE,FALSE,FALSE,FALSE,FALSE,,FALSE,FALSE,,TRUE,43 (E_UNIQUE_CHANGE_MATK),,,
Brewing Storm,542,250,81019,,,,,,,6 (E_SKILL_TYPE_AUTO_ERUPT),0 (Phys),,FALSE,FALSE,FALSE,FALSE,FALSE,FALSE,FALSE,,FALSE,FALSE,,TRUE,44 (E_UNIQUE_CHANGE_CRITICAL),,,
Eye of Horus,543,54,81020,,,,,,,6 (E_SKILL_TYPE_AUTO_ERUPT),0 (Phys),,FALSE,FALSE,FALSE,FALSE,FALSE,FALSE,FALSE,,FALSE,FALSE,,TRUE,45 (E_UNIQUE_CHANGE_KANTUU),,,
Planck of Norn,544,490,81021,,,,,,,6 (E_SKILL_TYPE_AUTO_ERUPT),0 (Phys),,FALSE,FALSE,FALSE,FALSE,FALSE,FALSE,FALSE,,FALSE,FALSE,,TRUE,46 (E_UNIQUE_RETURN_NOT_PRESS),,,
Rallying Aid,545,567,81022,,,,,,,6 (E_SKILL_TYPE_AUTO_ERUPT),0 (Phys),,FALSE,FALSE,FALSE,FALSE,FALSE,FALSE,FALSE,,FALSE,FALSE,,TRUE,47 (E_UNIQUE_SUMMON_KAJYA_UP),,,
Fairy King's Melody,546,738,81023,,,,,,,6 (E_SKILL_TYPE_AUTO_ERUPT),0 (Phys),,FALSE,FALSE,FALSE,FALSE,FALSE,FALSE,FALSE,,FALSE,FALSE,,TRUE,48 (E_UNIQUE_SUMMON_NNDA_ERASE),,,
Trumpets of Judgment,547,331,81024,,,,,,,6 (E_SKILL_TYPE_AUTO_ERUPT),0 (Phys),,FALSE,FALSE,FALSE,FALSE,FALSE,FALSE,FALSE,,FALSE,FALSE,,TRUE,49 (E_UNIQUE_SUMMON_KAJYANNDA_ERASE),,,
Heavenly Reversal,548,20,81025,,,,,,,6 (E_SKILL_TYPE_AUTO_ERUPT),0 (Phys),,FALSE,FALSE,FALSE,FALSE,FALSE,FALSE,FALSE,,FALSE,FALSE,,TRUE,50 (E_UNIQUE_SUMMON_KAJYANNDA_REVERSE),,,
Wanton Rebel,549,614,81026,,,,,,,6 (E_SKILL_TYPE_AUTO_ERUPT),0 (Phys),,FALSE,FALSE,FALSE,FALSE,FALSE,FALSE,FALSE,,FALSE,FALSE,,TRUE,51 (E_UNIQUE_SUMMON_RAKUNNDA),,,
Power Menace,550,149,81027,,,,,,,6 (E_SKILL_TYPE_AUTO_ERUPT),0 (Phys),,FALSE,FALSE,FALSE,FALSE,FALSE,FALSE,FALSE,,FALSE,FALSE,,TRUE,52 (E_UNIQUE_SUMMON_TARUNNDA),,,
Myopic Pressure,551,485,81028,,,,,,,6 (E_SKILL_TYPE_AUTO_ERUPT),0 (Phys),,FALSE,FALSE,FALSE,FALSE,FALSE,FALSE,FALSE,,FALSE,FALSE,,TRUE,53 (E_UNIQUE_SUMMON_SUKUNNDA),,,
Nine-Day Restoration,552,287,81029,,,,,,,6 (E_SKILL_TYPE_AUTO_ERUPT),0 (Phys),,FALSE,FALSE,FALSE,FALSE,FALSE,FALSE,FALSE,,FALSE,FALSE,,TRUE,54 (E_UNIQUE_GAUGE_NOT_MAX_WEAKDAMAGE_UP),110,,
Dragon's Blood,553,765,81030,,,,,,,6 (E_SKILL_TYPE_AUTO_ERUPT),0 (Phys),,FALSE,FALSE,FALSE,FALSE,FALSE,FALSE,FALSE,,FALSE,FALSE,,TRUE,55 (E_UNIQUE_JARYU_RYUUJIN_RYUUO_HIT_UP),120,56 (E_UNIQUE_JARYU_RYUUJIN_RYUUO_CRITICAL_UP),200
Biondetta,554,558,81031,,,,,,,6 (E_SKILL_TYPE_AUTO_ERUPT),0 (Phys),,FALSE,FALSE,FALSE,FALSE,FALSE,FALSE,FALSE,,FALSE,FALSE,,TRUE,57 (E_UNIQUE_DAITENSHI_MEGAMI_KIJO_ZIBOSHIN_NNDA2),,,
Usurper's Ambition,555,230,81032,,,,,,,6 (E_SKILL_TYPE_AUTO_ERUPT),0 (Phys),,FALSE,FALSE,FALSE,FALSE,FALSE,FALSE,FALSE,,FALSE,FALSE,,TRUE,58 (E_UNIQUE_MAO_RYUUO_CRITICAL),,,
Purging Blade,556,289,81033,,,,,,,6 (E_SKILL_TYPE_AUTO_ERUPT),0 (Phys),,FALSE,FALSE,FALSE,FALSE,FALSE,FALSE,FALSE,,FALSE,FALSE,,TRUE,59 (E_UNIQUE_DATENSHI_WEAK_DAMAGE_UP),115,,
Thesmophoria,557,427,81034,,,,,,,6 (E_SKILL_TYPE_AUTO_ERUPT),0 (Phys),,FALSE,FALSE,FALSE,FALSE,FALSE,FALSE,FALSE,,FALSE,FALSE,,TRUE,60 (E_UNIQUE_ZIBOSHIN_MEGAMI_KIJO_CRITICAL),,,
Surrogate Guard Hound,558,373,81035,,,,,,,6 (E_SKILL_TYPE_AUTO_ERUPT),0 (Phys),,FALSE,FALSE,FALSE,FALSE,FALSE,FALSE,FALSE,,FALSE,FALSE,,TRUE,61 (E_UNIQUE_SHINJUU_SEIJUU_MAJUU_YOUJUU_CRITICAL_DAMAGE_UP),125,,
Naga-Loka,559,473,81036,,,,,,,6 (E_SKILL_TYPE_AUTO_ERUPT),0 (Phys),,FALSE,FALSE,FALSE,FALSE,FALSE,FALSE,FALSE,,FALSE,FALSE,,TRUE,62 (E_UNIQUE_JARYU_RYUUJIN_RYUUO_WEAK_DAMAGE_UP),115,,
"Flame of 12,000 Angels",560,36,81037,,,,,,,6 (E_SKILL_TYPE_AUTO_ERUPT),0 (Phys),,FALSE,FALSE,FALSE,FALSE,FALSE,FALSE,FALSE,,FALSE,FALSE,,TRUE,63 (E_UNIQUE_HAKAISHIN_TENSHI_DAITENSHI_WEAK_DAMAGE_UP),115,,
Fire Star,561,97,81038,,,,,,,6 (E_SKILL_TYPE_AUTO_ERUPT),0 (Phys),,FALSE,FALSE,FALSE,FALSE,FALSE,FALSE,FALSE,,FALSE,FALSE,,TRUE,,,,
Ice Star,562,552,81039,,,,,,,6 (E_SKILL_TYPE_AUTO_ERUPT),0 (Phys),,FALSE,FALSE,FALSE,FALSE,FALSE,FALSE,FALSE,,FALSE,FALSE,,TRUE,,,,
Elemental Star,563,251,81040,,,,,,,6 (E_SKILL_TYPE_AUTO_ERUPT),0 (Phys),,FALSE,FALSE,FALSE,FALSE,FALSE,FALSE,FALSE,,FALSE,FALSE,,TRUE,,,,
Paw-to-Paw Combat,564,486,81041,,,,,,,6 (E_SKILL_TYPE_AUTO_ERUPT),0 (Phys),,FALSE,FALSE,FALSE,FALSE,FALSE,FALSE,FALSE,,FALSE,FALSE,,TRUE,64 (E_UNIQUE_NYAN2_DAMAGE_UP),120,,
Auspicious Beast,565,252,81042,,,,,,,6 (E_SKILL_TYPE_AUTO_ERUPT),0 (Phys),,FALSE,FALSE,FALSE,FALSE,FALSE,FALSE,FALSE,,FALSE,FALSE,,TRUE,65 (E_UNIQUE_SHITISYUKU_SKILL_TEKISEI),,,
Four Oni,566,744,81043,,,,,,,6 (E_SKILL_TYPE_AUTO_ERUPT),0 (Phys),,FALSE,FALSE,FALSE,FALSE,FALSE,FALSE,FALSE,,FALSE,FALSE,,TRUE,66 (E_UNIQUE_YONKI_BATK_CRITICAL),120,,
Four Heavenly Kings,567,256,81044,,,,,,,6 (E_SKILL_TYPE_AUTO_ERUPT),0 (Phys),,FALSE,FALSE,FALSE,FALSE,FALSE,FALSE,FALSE,,FALSE,FALSE,,TRUE,67 (E_UNIQUE_SHITENNOU_KAJYA2),,,
Angelic Order,568,370,81045,,,,,,,6 (E_SKILL_TYPE_AUTO_ERUPT),0 (Phys),,FALSE,FALSE,FALSE,FALSE,FALSE,FALSE,FALSE,,FALSE,FALSE,,TRUE,68 (E_UNIQUE_GOREI_GAUGE_UP),1,,
Best Friend,569,594,81046,,,,,,,6 (E_SKILL_TYPE_AUTO_ERUPT),0 (Phys),,FALSE,FALSE,FALSE,FALSE,FALSE,FALSE,FALSE,,FALSE,FALSE,,TRUE,69 (E_UNIQUE_WAIT_NNDA2),,,
Kept Waiting,570,645,81047,,,,,,,6 (E_SKILL_TYPE_AUTO_ERUPT),0 (Phys),,FALSE,FALSE,FALSE,FALSE,FALSE,FALSE,FALSE,,FALSE,FALSE,,TRUE,70 (E_UNIQUE_BESTFRIEND_HP_CURE),25,71 (E_UNIQUE_BESTFRIEND_MP_CURE),15
Okuninushi's Teachings,571,71,81048,,,,,,,6 (E_SKILL_TYPE_AUTO_ERUPT),0 (Phys),,FALSE,FALSE,FALSE,FALSE,FALSE,FALSE,FALSE,,FALSE,FALSE,,TRUE,72 (E_UNIQUE_KUNITSUKAMI_COST_DOWN),80,,
Warrior Trainer,572,565,81049,,,,,,,6 (E_SKILL_TYPE_AUTO_ERUPT),0 (Phys),,FALSE,FALSE,FALSE,FALSE,FALSE,FALSE,FALSE,,FALSE,FALSE,,TRUE,73 (E_UNIQUE_DOG_HIT),,,
Moirae Measurer,573,720,81050,,,,,,,6 (E_SKILL_TYPE_AUTO_ERUPT),0 (Phys),,FALSE,FALSE,FALSE,FALSE,FALSE,FALSE,FALSE,,FALSE,FALSE,,TRUE,74 (E_UNIQUE_MOIRA_YARN),,,
Moirae Cutter,574,722,81051,,,,,,,6 (E_SKILL_TYPE_AUTO_ERUPT),0 (Phys),,FALSE,FALSE,FALSE,FALSE,FALSE,FALSE,FALSE,,FALSE,FALSE,,TRUE,75 (E_UNIQUE_MOIRA_SCISSORS),40,,
Moirae Spinner,575,721,81052,,,,,,,6 (E_SKILL_TYPE_AUTO_ERUPT),0 (Phys),,FALSE,FALSE,FALSE,FALSE,FALSE,FALSE,FALSE,,FALSE,FALSE,,TRUE,76 (E_UNIQUE_MOIRA_SPINNING_WHEEL),70,,
Ironclad Defense,576,429,81053,,,,,,,6 (E_SKILL_TYPE_AUTO_ERUPT),0 (Phys),,FALSE,FALSE,FALSE,FALSE,FALSE,FALSE,FALSE,,FALSE,FALSE,,TRUE,,,,
Alms of Uprising,577,456,81054,,,,,,,6 (E_SKILL_TYPE_AUTO_ERUPT),0 (Phys),,FALSE,FALSE,FALSE,FALSE,FALSE,FALSE,FALSE,,FALSE,FALSE,,TRUE,77 (E_UNIQUE_BATTLE_END_RECOME),,,
King of Conflagration,578,274,81055,,,,,,,6 (E_SKILL_TYPE_AUTO_ERUPT),1 (Fire),,FALSE,FALSE,FALSE,FALSE,FALSE,FALSE,FALSE,,FALSE,FALSE,,TRUE,78 (E_UNIQUE_ATTR_CRITICAL),,,
Vina Raga,579,51,81056,,,,,,,6 (E_SKILL_TYPE_AUTO_ERUPT),2 (Ice),,FALSE,FALSE,FALSE,FALSE,FALSE,FALSE,FALSE,,FALSE,FALSE,,TRUE,78 (E_UNIQUE_ATTR_CRITICAL),,,
Fair Weather Prayer,580,443,81057,,,,,,,6 (E_SKILL_TYPE_AUTO_ERUPT),3 (Elec),,FALSE,FALSE,FALSE,FALSE,FALSE,FALSE,FALSE,,FALSE,FALSE,,TRUE,78 (E_UNIQUE_ATTR_CRITICAL),,,
Breath of Abundance,581,610,81058,,,,,,,6 (E_SKILL_TYPE_AUTO_ERUPT),4 (Force),,FALSE,FALSE,FALSE,FALSE,FALSE,FALSE,FALSE,,FALSE,FALSE,,TRUE,78 (E_UNIQUE_ATTR_CRITICAL),,,
Scales of Dominion,582,300,81059,,,,,,,6 (E_SKILL_TYPE_AUTO_ERUPT),5 (Light),,FALSE,FALSE,FALSE,FALSE,FALSE,FALSE,FALSE,,FALSE,FALSE,,TRUE,78 (E_UNIQUE_ATTR_CRITICAL),,,
Dark Star,583,253,81060,,,,,,,6 (E_SKILL_TYPE_AUTO_ERUPT),6 (Dark),,FALSE,FALSE,FALSE,FALSE,FALSE,FALSE,FALSE,,FALSE,FALSE,,TRUE,78 (E_UNIQUE_ATTR_CRITICAL),,,
Glorious Invocation,584,58,81061,,,,,,,6 (E_SKILL_TYPE_AUTO_ERUPT),7 (E_ATTRIBUTE_TYPE_ALL),,FALSE,FALSE,FALSE,FALSE,FALSE,FALSE,FALSE,,FALSE,FALSE,,TRUE,78 (E_UNIQUE_ATTR_CRITICAL),,,
Pernicious Venom,585,529,81062,,,,,,,6 (E_SKILL_TYPE_AUTO_ERUPT),0 (Phys),,FALSE,FALSE,FALSE,FALSE,FALSE,FALSE,FALSE,,FALSE,FALSE,,TRUE,79 (E_UNIQUE_BST_TARGET_CRITICAL),,,
Divine Decree,586,449,81063,,,,,,,6 (E_SKILL_TYPE_AUTO_ERUPT),0 (Phys),,FALSE,FALSE,FALSE,FALSE,FALSE,FALSE,FALSE,,FALSE,FALSE,,TRUE,80 (E_UNIQUE_SKILL_TEKISEI_CRITICAL),,,
Deathly Affliction,587,259,81064,,,,,,,6 (E_SKILL_TYPE_AUTO_ERUPT),0 (Phys),,FALSE,FALSE,FALSE,FALSE,FALSE,FALSE,FALSE,,FALSE,FALSE,,TRUE,81 (E_UNIQUE_BST_TARGET_HIT_CRITICAL),150,,
Compounded Calamity,588,404,81065,,,,,,,6 (E_SKILL_TYPE_AUTO_ERUPT),0 (Phys),,FALSE,FALSE,FALSE,FALSE,FALSE,FALSE,FALSE,,FALSE,FALSE,,TRUE,82 (E_UNIQUE_BST_TARGET_WEAK_DAMAGE_UP),120,,
Burden of Talent,589,216,81066,,,,,,,6 (E_SKILL_TYPE_AUTO_ERUPT),0 (Phys),,FALSE,FALSE,FALSE,FALSE,FALSE,FALSE,FALSE,,FALSE,FALSE,,TRUE,83 (E_UNIQUE_WEAK_DAMAGE_UP),115,84 (E_UNIQUE_BST_DOWN),140
Critical Melody,590,543,81067,,,,,,,6 (E_SKILL_TYPE_AUTO_ERUPT),0 (Phys),,FALSE,FALSE,FALSE,FALSE,FALSE,FALSE,FALSE,,FALSE,FALSE,,TRUE,85 (E_UNIQUE_BATK_CRITICAL_DAMAGE_UP),110,,
Fiery Melody,591,767,81068,,,,,,,6 (E_SKILL_TYPE_AUTO_ERUPT),1 (Fire),,FALSE,FALSE,FALSE,FALSE,FALSE,FALSE,FALSE,,FALSE,FALSE,,TRUE,86 (E_UNIQUE_ATTR_WEAK_DAMAGE_UP),110,,
Frigid Melody,592,38,81069,,,,,,,6 (E_SKILL_TYPE_AUTO_ERUPT),2 (Ice),,FALSE,FALSE,FALSE,FALSE,FALSE,FALSE,FALSE,,FALSE,FALSE,,TRUE,86 (E_UNIQUE_ATTR_WEAK_DAMAGE_UP),110,,
Thunderous Melody,593,40,81070,,,,,,,6 (E_SKILL_TYPE_AUTO_ERUPT),3 (Elec),,FALSE,FALSE,FALSE,FALSE,FALSE,FALSE,FALSE,,FALSE,FALSE,,TRUE,86 (E_UNIQUE_ATTR_WEAK_DAMAGE_UP),110,,
Gusting Melody,594,355,81071,,,,,,,6 (E_SKILL_TYPE_AUTO_ERUPT),4 (Force),,FALSE,FALSE,FALSE,FALSE,FALSE,FALSE,FALSE,,FALSE,FALSE,,TRUE,86 (E_UNIQUE_ATTR_WEAK_DAMAGE_UP),110,,
Blessed Melody,595,380,81072,,,,,,,6 (E_SKILL_TYPE_AUTO_ERUPT),5 (Light),,FALSE,FALSE,FALSE,FALSE,FALSE,FALSE,FALSE,,FALSE,FALSE,,TRUE,86 (E_UNIQUE_ATTR_WEAK_DAMAGE_UP),110,,
Twilit Melody,596,682,81073,,,,,,,6 (E_SKILL_TYPE_AUTO_ERUPT),6 (Dark),,FALSE,FALSE,FALSE,FALSE,FALSE,FALSE,FALSE,,FALSE,FALSE,,TRUE,86 (E_UNIQUE_ATTR_WEAK_DAMAGE_UP),110,,
Restorative Melody,597,46,81074,,,,,,,6 (E_SKILL_TYPE_AUTO_ERUPT),0 (Phys),,FALSE,FALSE,FALSE,FALSE,FALSE,FALSE,FALSE,,FALSE,FALSE,,TRUE,87 (E_UNIQUE_CURE_SKILL_COST_DOWN),90,,
Divine Benevolence,598,740,81075,,,,,,,6 (E_SKILL_TYPE_AUTO_ERUPT),0 (Phys),,FALSE,FALSE,FALSE,FALSE,FALSE,FALSE,FALSE,,FALSE,FALSE,,TRUE,88 (E_UNIQUE_AID_SKILL_COST_DOWN),90,,
Phys Enhancer,599,572,81076,,,,,,,6 (E_SKILL_TYPE_AUTO_ERUPT),0 (Phys),,FALSE,FALSE,FALSE,FALSE,FALSE,FALSE,FALSE,,FALSE,FALSE,,TRUE,89 (E_UNIQUE_SKILL_TEKISEI_UP),,,
Fire Enhancer,600,95,81077,,,,,,,6 (E_SKILL_TYPE_AUTO_ERUPT),0 (Phys),,FALSE,FALSE,FALSE,FALSE,FALSE,FALSE,FALSE,,FALSE,FALSE,,TRUE,89 (E_UNIQUE_SKILL_TEKISEI_UP),1,,
Ice Enhancer,601,550,81078,,,,,,,6 (E_SKILL_TYPE_AUTO_ERUPT),0 (Phys),,FALSE,FALSE,FALSE,FALSE,FALSE,FALSE,FALSE,,FALSE,FALSE,,TRUE,89 (E_UNIQUE_SKILL_TEKISEI_UP),2,,
Elec Enhancer,602,436,81079,,,,,,,6 (E_SKILL_TYPE_AUTO_ERUPT),0 (Phys),,FALSE,FALSE,FALSE,FALSE,FALSE,FALSE,FALSE,,FALSE,FALSE,,TRUE,89 (E_UNIQUE_SKILL_TEKISEI_UP),3,,
Force Enhancer,603,308,81080,,,,,,,6 (E_SKILL_TYPE_AUTO_ERUPT),0 (Phys),,FALSE,FALSE,FALSE,FALSE,FALSE,FALSE,FALSE,,FALSE,FALSE,,TRUE,89 (E_UNIQUE_SKILL_TEKISEI_UP),4,,
Light Enhancer,604,520,81081,,,,,,,6 (E_SKILL_TYPE_AUTO_ERUPT),0 (Phys),,FALSE,FALSE,FALSE,FALSE,FALSE,FALSE,FALSE,,FALSE,FALSE,,TRUE,89 (E_UNIQUE_SKILL_TEKISEI_UP),5,,
Dark Enhancer,605,294,81082,,,,,,,6 (E_SKILL_TYPE_AUTO_ERUPT),0 (Phys),,FALSE,FALSE,FALSE,FALSE,FALSE,FALSE,FALSE,,FALSE,FALSE,,TRUE,89 (E_UNIQUE_SKILL_TEKISEI_UP),6,,
Crime and Punishment,606,403,81083,,,,,,,6 (E_SKILL_TYPE_AUTO_ERUPT),0 (Phys),,FALSE,FALSE,FALSE,FALSE,FALSE,FALSE,FALSE,,FALSE,FALSE,,TRUE,187 (E_UNIQUE_WEAK_OR_CRITICAL_CNT_ADD_PRESS),,,
Tripura Samhara,607,231,81084,,,,,,,6 (E_SKILL_TYPE_AUTO_ERUPT),0 (Phys),,FALSE,FALSE,FALSE,FALSE,FALSE,FALSE,FALSE,,FALSE,FALSE,,TRUE,92 (E_UNIQUE_CHARGE_COST_DOWN),85,,
Megalomania,608,705,81085,,,,,,,6 (E_SKILL_TYPE_AUTO_ERUPT),0 (Phys),,FALSE,FALSE,FALSE,FALSE,FALSE,FALSE,FALSE,,FALSE,FALSE,,TRUE,93 (E_UNIQUE_CHARGE_NOT_RELEASE),10,,
Taboo,609,158,81086,,,,,,,6 (E_SKILL_TYPE_AUTO_ERUPT),0 (Phys),,FALSE,FALSE,FALSE,FALSE,FALSE,FALSE,FALSE,,FALSE,FALSE,,TRUE,94 (E_UNIQUE_BST_UP),200,95 (E_UNIQUE_BST_CURE_DOWN),80
Ward Off Evil,610,727,81087,,,,,,,6 (E_SKILL_TYPE_AUTO_ERUPT),0 (Phys),,FALSE,FALSE,FALSE,FALSE,FALSE,FALSE,FALSE,,FALSE,FALSE,,TRUE,96 (E_UNIQUE_BST_CURE),130,,
Seven-Headed Beast,611,476,81088,,,,,,,6 (E_SKILL_TYPE_AUTO_ERUPT),0 (Phys),,FALSE,FALSE,FALSE,FALSE,FALSE,FALSE,FALSE,,FALSE,FALSE,,TRUE,97 (E_UNIQUE_TURNEND_MP_CURE),10,178 (E_UNIQUE_TURNEND_MP_CURE_RATE),50
Chanchala,612,396,81089,,,,,,,6 (E_SKILL_TYPE_AUTO_ERUPT),0 (Phys),,FALSE,FALSE,FALSE,FALSE,FALSE,FALSE,FALSE,,FALSE,FALSE,,TRUE,98 (E_UNIQUE_TARUKAJYA2_MAGIC_CRITICAL),,,
Bountiful Earth,613,611,81090,,,,,,,6 (E_SKILL_TYPE_AUTO_ERUPT),0 (Phys),,FALSE,FALSE,FALSE,FALSE,FALSE,FALSE,FALSE,,FALSE,FALSE,,TRUE,99 (E_UNIQUE_RARUKAJYA2_DAMAGE_DOWN),85,,
Divined Fortune,614,80,81091,,,,,,,6 (E_SKILL_TYPE_AUTO_ERUPT),0 (Phys),,FALSE,FALSE,FALSE,FALSE,FALSE,FALSE,FALSE,,FALSE,FALSE,,TRUE,100 (E_UNIQUE_SUKUKAJYA2_CRITICAL),150,,
One-Foot Hop,615,376,81092,,,,,,,6 (E_SKILL_TYPE_AUTO_ERUPT),0 (Phys),,FALSE,FALSE,FALSE,FALSE,FALSE,FALSE,FALSE,,FALSE,FALSE,,TRUE,101 (E_UNIQUE_PROVOKE_DAMAGE_DOWN),85,102 (E_UNIQUE_PROVOKE_ESC_UP),90
Spirited Synergy,616,142,81093,,,,,,,6 (E_SKILL_TYPE_AUTO_ERUPT),0 (Phys),,FALSE,FALSE,FALSE,FALSE,FALSE,FALSE,FALSE,,FALSE,FALSE,,TRUE,103 (E_UNIQUE_PROVOKE_KUISHIBARI),20,,
Affable Hospitality,617,687,81094,,,,,,,6 (E_SKILL_TYPE_AUTO_ERUPT),0 (Phys),,FALSE,FALSE,FALSE,FALSE,FALSE,FALSE,FALSE,,FALSE,FALSE,,TRUE,104 (E_UNIQUE_SUMMON_SAME_AID),,,
Saint's Prayer,618,343,81095,,,,,,,6 (E_SKILL_TYPE_AUTO_ERUPT),0 (Phys),,FALSE,FALSE,FALSE,FALSE,FALSE,FALSE,FALSE,,FALSE,FALSE,,TRUE,105 (E_UNIQUE_RETURN_BST_CURE),,,
Ailed Resurgence,619,34,81096,,,,,,,6 (E_SKILL_TYPE_AUTO_ERUPT),0 (Phys),,FALSE,FALSE,FALSE,FALSE,FALSE,FALSE,FALSE,,FALSE,FALSE,,TRUE,106 (E_UNIQUE_BST_DAMAGE_UP),120,,
Willpower,620,618,81097,,,,,,,6 (E_SKILL_TYPE_AUTO_ERUPT),11 (E_ATTRIBUTE_TYPE_CHARM),,FALSE,FALSE,FALSE,FALSE,FALSE,FALSE,FALSE,,FALSE,FALSE,,TRUE,107 (E_UNIQUE_BST_ACTION),30,,
Frontline Adaptability,621,353,81098,,,,,,,6 (E_SKILL_TYPE_AUTO_ERUPT),10 (E_ATTRIBUTE_TYPE_CONFUSE),,FALSE,FALSE,FALSE,FALSE,FALSE,FALSE,FALSE,,FALSE,FALSE,,TRUE,107 (E_UNIQUE_BST_ACTION),30,,
Summer Dream,622,649,81099,,,,,,,6 (E_SKILL_TYPE_AUTO_ERUPT),0 (Phys),,FALSE,FALSE,FALSE,FALSE,FALSE,FALSE,FALSE,,FALSE,FALSE,,TRUE,108 (E_UNIQUE_HERO_STOCK_KUISHIBAI),20,,
Sacrificial Proxy,623,32,81100,,,,,,,6 (E_SKILL_TYPE_AUTO_ERUPT),0 (Phys),,FALSE,FALSE,FALSE,FALSE,FALSE,FALSE,FALSE,,FALSE,FALSE,,TRUE,109 (E_UNIQUE_STOCK_KUISHIBAI),35,,
Price of Prosperity,624,692,81101,,,,,,,6 (E_SKILL_TYPE_AUTO_ERUPT),0 (Phys),,FALSE,FALSE,FALSE,FALSE,FALSE,FALSE,FALSE,,FALSE,FALSE,,TRUE,110 (E_UNIQUE_MYDEAD_HP_CURE),35,,
Righteous Cross,625,354,81102,,,,,,,6 (E_SKILL_TYPE_AUTO_ERUPT),0 (Phys),,FALSE,FALSE,FALSE,FALSE,FALSE,FALSE,FALSE,,FALSE,FALSE,,TRUE,111 (E_UNIQUE_DEAD_NDA2),,,
Divine Dismantlement,626,466,81103,,,,,,,6 (E_SKILL_TYPE_AUTO_ERUPT),0 (Phys),,FALSE,FALSE,FALSE,FALSE,FALSE,FALSE,FALSE,,FALSE,FALSE,,TRUE,112 (E_UNIQUE_DEAD_GIFT_AID),,,
Pine Tree's Rebirth,627,314,81104,,,,,,,6 (E_SKILL_TYPE_AUTO_ERUPT),0 (Phys),,FALSE,FALSE,FALSE,FALSE,FALSE,FALSE,FALSE,,FALSE,FALSE,,TRUE,113 (E_UNIQUE_DEAD_HP_CURE),35,,
Heart of Devotion,628,186,81105,,,,,,,6 (E_SKILL_TYPE_AUTO_ERUPT),0 (Phys),,FALSE,FALSE,FALSE,FALSE,FALSE,FALSE,FALSE,,FALSE,FALSE,,TRUE,114 (E_UNIQUE_DEAD_MP_CURE),15,,
Figment of Darkness,629,730,81106,,,,,,,6 (E_SKILL_TYPE_AUTO_ERUPT),0 (Phys),,FALSE,FALSE,FALSE,FALSE,FALSE,FALSE,FALSE,,FALSE,FALSE,,TRUE,115 (E_UNIQUE_DEAD_ALL_AID),,,
Trickery,630,27,81107,,,,,,,6 (E_SKILL_TYPE_AUTO_ERUPT),0 (Phys),,FALSE,FALSE,FALSE,FALSE,FALSE,FALSE,FALSE,,FALSE,FALSE,,TRUE,116 (E_UNIQUE_RAND_UP),130,,
Shining Dragon Scales,631,103,81108,,,,,,,6 (E_SKILL_TYPE_AUTO_ERUPT),0 (Phys),,FALSE,FALSE,FALSE,FALSE,FALSE,FALSE,FALSE,,FALSE,FALSE,,TRUE,117 (E_UNIQUE_MULTI_DAMAGE_UP),10,,
Pandemonic Feast,632,151,81109,,,,,,,6 (E_SKILL_TYPE_AUTO_ERUPT),0 (Phys),,FALSE,FALSE,FALSE,FALSE,FALSE,FALSE,FALSE,,FALSE,FALSE,,TRUE,118 (E_UNIQUE_MULTI_HIT_UP),150,119 (E_UNIQUE_MULTI_HIT_NUM_UP),2
Servant of God,633,126,81110,,,,,,,6 (E_SKILL_TYPE_AUTO_ERUPT),0 (Phys),,FALSE,FALSE,FALSE,FALSE,FALSE,FALSE,FALSE,,FALSE,FALSE,,TRUE,120 (E_UNIQUE_ACTION_MP_CURE),5,,
Fickle Personality,634,75,81111,,,,,,,6 (E_SKILL_TYPE_AUTO_ERUPT),0 (Phys),,FALSE,FALSE,FALSE,FALSE,FALSE,FALSE,FALSE,,FALSE,FALSE,,TRUE,121 (E_UNIQUE_SKILL_TEKISEI_WEAK_CRITICAL),,,
Fear of Death,635,260,81112,,,,,,,6 (E_SKILL_TYPE_AUTO_ERUPT),0 (Phys),,FALSE,FALSE,FALSE,FALSE,FALSE,FALSE,FALSE,,FALSE,FALSE,,TRUE,122 (E_UNIQUE_SKILL_TEKISEI_DAMAGE_UP),110,123 (E_UNIQUE_SKILL_TEKISEI_DEAD),20
Magic Harp,636,680,81113,,,,,,,6 (E_SKILL_TYPE_AUTO_ERUPT),0 (Phys),,FALSE,FALSE,FALSE,FALSE,FALSE,FALSE,FALSE,,FALSE,FALSE,,TRUE,124 (E_UNIQUE_SKILL_TEKISEI_SLEEP),35,123 (E_UNIQUE_SKILL_TEKISEI_DEAD),20
Virus Carrier,637,52,81114,,,,,,,6 (E_SKILL_TYPE_AUTO_ERUPT),0 (Phys),,FALSE,FALSE,FALSE,FALSE,FALSE,FALSE,FALSE,,FALSE,FALSE,,TRUE,125 (E_UNIQUE_BST_NO_PRESS),,,
Wisdom Unleashed,638,381,81115,,,,,,,6 (E_SKILL_TYPE_AUTO_ERUPT),0 (Phys),,FALSE,FALSE,FALSE,FALSE,FALSE,FALSE,FALSE,,FALSE,FALSE,,TRUE,126 (E_UNIQUE_MAGATSUHISKILL_MP_CURE),8,,
Elephantine Ricochet,639,534,81116,,,,,,,6 (E_SKILL_TYPE_AUTO_ERUPT),0 (Phys),,FALSE,FALSE,FALSE,FALSE,FALSE,FALSE,FALSE,,FALSE,FALSE,,TRUE,127 (E_UNIQUE_WEAK_NUM_REF_DAMAGE_UP),500,,
Hand You're Dealt,640,25,81117,,,,,,,6 (E_SKILL_TYPE_AUTO_ERUPT),0 (Phys),,FALSE,FALSE,FALSE,FALSE,FALSE,FALSE,FALSE,,FALSE,FALSE,,TRUE,128 (E_UNIQUE_WEAK_NUM_CRITICAL_UP),300,,
Vengeful Might,641,18,81118,,,,,,,6 (E_SKILL_TYPE_AUTO_ERUPT),0 (Phys),,FALSE,FALSE,FALSE,FALSE,FALSE,FALSE,FALSE,,FALSE,FALSE,,TRUE,129 (E_UNIQUE_WEAK_NUM_CRITICAL_DAMAGE_UP),50,,
Synergistic Replication,642,356,81119,,,,,,,6 (E_SKILL_TYPE_AUTO_ERUPT),0 (Phys),,FALSE,FALSE,FALSE,FALSE,FALSE,FALSE,FALSE,,FALSE,FALSE,,TRUE,130 (E_UNIQUE_CLONE_NUM_DAMAGE_UP),200,,
Herkeios,643,600,81120,,,,,,,6 (E_SKILL_TYPE_AUTO_ERUPT),0 (Phys),,FALSE,FALSE,FALSE,FALSE,FALSE,FALSE,FALSE,,FALSE,FALSE,,TRUE,131 (E_UNIQUE_STOCK_NUM_THUNDER_HIT),10,132 (E_UNIQUE_STOCK_NUM_THUNDER_CRITICAL),50
Avenger,644,563,81121,,,,,,,6 (E_SKILL_TYPE_AUTO_ERUPT),0 (Phys),,FALSE,FALSE,FALSE,FALSE,FALSE,FALSE,FALSE,,FALSE,FALSE,,TRUE,133 (E_UNIQUE_STOCK_DEAD_NUM_DAMAGE_UP),50,,
True Aim,645,545,81122,,,,,,,6 (E_SKILL_TYPE_AUTO_ERUPT),0 (Phys),,FALSE,FALSE,FALSE,FALSE,FALSE,FALSE,FALSE,,FALSE,FALSE,,TRUE,134 (E_UNIQUE_HIT_UP),200,,
Phys Gestalt,646,573,81123,,,,,,,6 (E_SKILL_TYPE_AUTO_ERUPT),0 (Phys),,FALSE,FALSE,FALSE,FALSE,FALSE,FALSE,FALSE,,FALSE,FALSE,,TRUE,135 (E_UNIQUE_TEKISEL_DAMAGE_UP),10,,
Fire Gestalt,647,96,81124,,,,,,,6 (E_SKILL_TYPE_AUTO_ERUPT),1 (Fire),,FALSE,FALSE,FALSE,FALSE,FALSE,FALSE,FALSE,,FALSE,FALSE,,TRUE,135 (E_UNIQUE_TEKISEL_DAMAGE_UP),10,,
Ice Gestalt,648,551,81125,,,,,,,6 (E_SKILL_TYPE_AUTO_ERUPT),2 (Ice),,FALSE,FALSE,FALSE,FALSE,FALSE,FALSE,FALSE,,FALSE,FALSE,,TRUE,135 (E_UNIQUE_TEKISEL_DAMAGE_UP),10,,
Elec Gestalt,649,437,81126,,,,,,,6 (E_SKILL_TYPE_AUTO_ERUPT),3 (Elec),,FALSE,FALSE,FALSE,FALSE,FALSE,FALSE,FALSE,,FALSE,FALSE,,TRUE,135 (E_UNIQUE_TEKISEL_DAMAGE_UP),10,,
Force Gestalt,650,309,81127,,,,,,,6 (E_SKILL_TYPE_AUTO_ERUPT),4 (Force),,FALSE,FALSE,FALSE,FALSE,FALSE,FALSE,FALSE,,FALSE,FALSE,,TRUE,135 (E_UNIQUE_TEKISEL_DAMAGE_UP),10,,
Light Gestalt,651,521,81128,,,,,,,6 (E_SKILL_TYPE_AUTO_ERUPT),5 (Light),,FALSE,FALSE,FALSE,FALSE,FALSE,FALSE,FALSE,,FALSE,FALSE,,TRUE,135 (E_UNIQUE_TEKISEL_DAMAGE_UP),10,,
Dark Gestalt,652,295,81129,,,,,,,6 (E_SKILL_TYPE_AUTO_ERUPT),6 (Dark),,FALSE,FALSE,FALSE,FALSE,FALSE,FALSE,FALSE,,FALSE,FALSE,,TRUE,135 (E_UNIQUE_TEKISEL_DAMAGE_UP),10,,
Yumi Nagashi,653,732,81130,,,,,,,6 (E_SKILL_TYPE_AUTO_ERUPT),0 (Phys),,FALSE,FALSE,FALSE,FALSE,FALSE,FALSE,FALSE,,FALSE,FALSE,,TRUE,136 (E_UNIQUE_PRESS_UP_ADD),,,
Helmsman,654,689,81131,,,,,,,6 (E_SKILL_TYPE_AUTO_ERUPT),0 (Phys),,FALSE,FALSE,FALSE,FALSE,FALSE,FALSE,FALSE,,FALSE,FALSE,,TRUE,137 (E_UNIQUE_NEXT_ACTOR_HIT_UP),135,,
Faithful Companion,655,398,81132,,,,,,,6 (E_SKILL_TYPE_AUTO_ERUPT),0 (Phys),,FALSE,FALSE,FALSE,FALSE,FALSE,FALSE,FALSE,,FALSE,FALSE,,TRUE,138 (E_UNIQUE_NEXT_ACTOR_WEAK_UP),120,,
Focused Assault,656,285,81133,,,,,,,6 (E_SKILL_TYPE_AUTO_ERUPT),0 (Phys),,FALSE,FALSE,FALSE,FALSE,FALSE,FALSE,FALSE,,FALSE,FALSE,,TRUE,139 (E_UNIQUE_PREV_ACTOR_HIT_UP),125,140 (E_UNIQUE_PREV_ACTOR_CRITICAL_UP),160
Ruler of Chaos,657,102,81134,,,,,,,6 (E_SKILL_TYPE_AUTO_ERUPT),0 (Phys),,FALSE,FALSE,FALSE,FALSE,FALSE,FALSE,FALSE,,FALSE,FALSE,,TRUE,141 (E_UNIQUE_NO_UNIQUE_EFFECT),,,
Scarlet Blade,658,544,81135,,,,,,,6 (E_SKILL_TYPE_AUTO_ERUPT),0 (Phys),,FALSE,FALSE,FALSE,FALSE,FALSE,FALSE,FALSE,,FALSE,FALSE,,TRUE,142 (E_UNIQUE_AID_CRITICAL_UP),400,143 (E_UNIQUE_AID_CRITICAL_DAMAGE_UP),100
Crippling Blow,659,35,81136,,,,,,,6 (E_SKILL_TYPE_AUTO_ERUPT),0 (Phys),,FALSE,FALSE,FALSE,FALSE,FALSE,FALSE,FALSE,,FALSE,FALSE,,TRUE,144 (E_UNIQUE_WEAK_CRITICAL_DEAD),40,,
King's Ascendancy,660,68,81137,,,,,,,6 (E_SKILL_TYPE_AUTO_ERUPT),0 (Phys),,FALSE,FALSE,FALSE,FALSE,FALSE,FALSE,FALSE,,FALSE,FALSE,,TRUE,145 (E_UNIQUE_CRITICAL_STOCK),,,
Beginner's Luck,661,539,81138,,,,,,,6 (E_SKILL_TYPE_AUTO_ERUPT),0 (Phys),,FALSE,FALSE,FALSE,FALSE,FALSE,FALSE,FALSE,,FALSE,FALSE,,TRUE,146 (E_UNIQUE_BST_TARGET_DAMAGE_UP),130,,
Unending Nightmare,662,13,81139,,,,,,,6 (E_SKILL_TYPE_AUTO_ERUPT),0 (Phys),,FALSE,FALSE,FALSE,FALSE,FALSE,FALSE,FALSE,,FALSE,FALSE,,TRUE,147 (E_UNIQUE_SLEEP_NO_CURE),,,
Nation Builder,663,161,81140,,,,,,,6 (E_SKILL_TYPE_AUTO_ERUPT),0 (Phys),,FALSE,FALSE,FALSE,FALSE,FALSE,FALSE,FALSE,,FALSE,FALSE,,TRUE,148 (E_UNIQUE_AID_BST_CURE),50,,
Nation Founder,664,162,81141,,,,,,,6 (E_SKILL_TYPE_AUTO_ERUPT),0 (Phys),,FALSE,FALSE,FALSE,FALSE,FALSE,FALSE,FALSE,,FALSE,FALSE,,TRUE,149 (E_UNIQUE_CURE_KAJYA1_3TURN),50,,
Healing Hand,665,47,81142,,,,,,,6 (E_SKILL_TYPE_AUTO_ERUPT),0 (Phys),,FALSE,FALSE,FALSE,FALSE,FALSE,FALSE,FALSE,,FALSE,FALSE,,TRUE,150 (E_UNIQUE_HP_CURE_BST_CURE),50,,
Pinpoint Vitals,666,146,81143,,,,,,,6 (E_SKILL_TYPE_AUTO_ERUPT),0 (Phys),,FALSE,FALSE,FALSE,FALSE,FALSE,FALSE,FALSE,,FALSE,FALSE,,TRUE,151 (E_UNIQUE_BTAK_HIT_UP),120,152 (E_UNIQUE_BTAK_CRITICAL_UP),200
Capricious Goddess,667,55,81144,,,,,,,6 (E_SKILL_TYPE_AUTO_ERUPT),0 (Phys),,FALSE,FALSE,FALSE,FALSE,FALSE,FALSE,FALSE,,FALSE,FALSE,,TRUE,153 (E_UNIQUE_8ACTION_DAMAGE_UP),150,,
Sankosho,668,228,81145,,,,,,,6 (E_SKILL_TYPE_AUTO_ERUPT),0 (Phys),,FALSE,FALSE,FALSE,FALSE,FALSE,FALSE,FALSE,,FALSE,FALSE,,TRUE,154 (E_UNIQUE_HIT_NUM_DAMAGE_UP),10,,
Incendiary Stoning,669,502,81146,,,,,,,6 (E_SKILL_TYPE_AUTO_ERUPT),1 (Fire),,FALSE,FALSE,FALSE,FALSE,FALSE,FALSE,FALSE,,FALSE,FALSE,,TRUE,154 (E_UNIQUE_HIT_NUM_DAMAGE_UP),10,,
Roaring Mist,670,188,81147,,,,,,,6 (E_SKILL_TYPE_AUTO_ERUPT),2 (Ice),,FALSE,FALSE,FALSE,FALSE,FALSE,FALSE,FALSE,,FALSE,FALSE,,TRUE,154 (E_UNIQUE_HIT_NUM_DAMAGE_UP),10,,
Carpet Bolting,671,284,81148,,,,,,,6 (E_SKILL_TYPE_AUTO_ERUPT),3 (Elec),,FALSE,FALSE,FALSE,FALSE,FALSE,FALSE,FALSE,,FALSE,FALSE,,TRUE,154 (E_UNIQUE_HIT_NUM_DAMAGE_UP),10,,
Catastrophic Gales,672,307,81149,,,,,,,6 (E_SKILL_TYPE_AUTO_ERUPT),4 (Force),,FALSE,FALSE,FALSE,FALSE,FALSE,FALSE,FALSE,,FALSE,FALSE,,TRUE,154 (E_UNIQUE_HIT_NUM_DAMAGE_UP),10,,
Lighted Wheel,673,187,81150,,,,,,,6 (E_SKILL_TYPE_AUTO_ERUPT),5 (Light),,FALSE,FALSE,FALSE,FALSE,FALSE,FALSE,FALSE,,FALSE,FALSE,,TRUE,154 (E_UNIQUE_HIT_NUM_DAMAGE_UP),10,,
Boon of Sloth,674,369,81151,,,,,,,6 (E_SKILL_TYPE_AUTO_ERUPT),6 (Dark),,FALSE,FALSE,FALSE,FALSE,FALSE,FALSE,FALSE,,FALSE,FALSE,,TRUE,154 (E_UNIQUE_HIT_NUM_DAMAGE_UP),10,,
Ceaseless Crucifixion,675,697,81152,,,,,,,6 (E_SKILL_TYPE_AUTO_ERUPT),7 (E_ATTRIBUTE_TYPE_ALL),,FALSE,FALSE,FALSE,FALSE,FALSE,FALSE,FALSE,,FALSE,FALSE,,TRUE,154 (E_UNIQUE_HIT_NUM_DAMAGE_UP),10,,
Grace Unto Service,676,609,81153,,,,,,,6 (E_SKILL_TYPE_AUTO_ERUPT),0 (Phys),,FALSE,FALSE,FALSE,FALSE,FALSE,FALSE,FALSE,,FALSE,FALSE,,TRUE,155 (E_UNIQUE_AID_MP_CURE),5,,
Blessings Abound,677,104,81154,,,,,,,6 (E_SKILL_TYPE_AUTO_ERUPT),0 (Phys),,FALSE,FALSE,FALSE,FALSE,FALSE,FALSE,FALSE,,FALSE,FALSE,,TRUE,156 (E_UNIQUE_NDA_HP_BST_CURE),25,,
Give Me Your Soul!,678,72,81155,,,,,,,6 (E_SKILL_TYPE_AUTO_ERUPT),0 (Phys),,FALSE,FALSE,FALSE,FALSE,FALSE,FALSE,FALSE,,FALSE,FALSE,,TRUE,157 (E_UNIQUE_NDA_MP_CURE),5,,
Hammer of Judgment,679,223,81156,,,,,,,6 (E_SKILL_TYPE_AUTO_ERUPT),0 (Phys),,FALSE,FALSE,FALSE,FALSE,FALSE,FALSE,FALSE,,FALSE,FALSE,,TRUE,158 (E_UNIQUE_NDA_PRESS_ADD),,,
Universe Ring,680,181,81157,,,,50,,,6 (E_SKILL_TYPE_AUTO_ERUPT),0 (Phys),,FALSE,FALSE,FALSE,FALSE,FALSE,FALSE,FALSE,,FALSE,FALSE,,TRUE,159 (E_UNIQUE_DAMAGED_ATTR_COUNTER),894,,
Burning Aspiration,681,425,81158,,,,50,,,6 (E_SKILL_TYPE_AUTO_ERUPT),0 (Phys),,FALSE,FALSE,FALSE,FALSE,FALSE,FALSE,FALSE,,FALSE,FALSE,,TRUE,159 (E_UNIQUE_DAMAGED_ATTR_COUNTER),895,,
Wrath of Oyamatsumi,682,770,81159,,,,50,,,6 (E_SKILL_TYPE_AUTO_ERUPT),0 (Phys),,FALSE,FALSE,FALSE,FALSE,FALSE,FALSE,FALSE,,FALSE,FALSE,,TRUE,159 (E_UNIQUE_DAMAGED_ATTR_COUNTER),896,,
Guardian Beast,683,731,81160,,,,50,,,6 (E_SKILL_TYPE_AUTO_ERUPT),0 (Phys),,FALSE,FALSE,FALSE,FALSE,FALSE,FALSE,FALSE,,FALSE,FALSE,,TRUE,159 (E_UNIQUE_DAMAGED_ATTR_COUNTER),897,,
Tempest,684,494,81161,,,,50,,,6 (E_SKILL_TYPE_AUTO_ERUPT),0 (Phys),,FALSE,FALSE,FALSE,FALSE,FALSE,FALSE,FALSE,,FALSE,FALSE,,TRUE,159 (E_UNIQUE_DAMAGED_ATTR_COUNTER),898,,
Righteous Sentence,685,342,81162,,,,50,,,6 (E_SKILL_TYPE_AUTO_ERUPT),0 (Phys),,FALSE,FALSE,FALSE,FALSE,FALSE,FALSE,FALSE,,FALSE,FALSE,,TRUE,159 (E_UNIQUE_DAMAGED_ATTR_COUNTER),899,,
Death's Door,686,272,81163,,,,50,,,6 (E_SKILL_TYPE_AUTO_ERUPT),0 (Phys),,FALSE,FALSE,FALSE,FALSE,FALSE,FALSE,FALSE,,FALSE,FALSE,,TRUE,159 (E_UNIQUE_DAMAGED_ATTR_COUNTER),900,,
Firmament Restoration,687,196,81164,,,,,,,6 (E_SKILL_TYPE_AUTO_ERUPT),0 (Phys),,FALSE,FALSE,FALSE,FALSE,FALSE,FALSE,FALSE,,FALSE,FALSE,,TRUE,160 (E_UNIQUE_DAMAGED_PRESS_ADD),,,
Honey Trap,688,509,81165,,,,65,,,6 (E_SKILL_TYPE_AUTO_ERUPT),0 (Phys),,FALSE,FALSE,FALSE,FALSE,FALSE,FALSE,FALSE,,FALSE,FALSE,,TRUE,161 (E_UNIQUE_DEFENSE_COUNTER),891,,
Vinyl Bomb,689,498,81166,,,,100,,,6 (E_SKILL_TYPE_AUTO_ERUPT),0 (Phys),,FALSE,FALSE,FALSE,FALSE,FALSE,FALSE,FALSE,,FALSE,FALSE,,TRUE,162 (E_UNIQUE_KANTSUU_COUNTER),892,,
Adversary,690,421,81167,,,,100,,,6 (E_SKILL_TYPE_AUTO_ERUPT),0 (Phys),,FALSE,FALSE,FALSE,FALSE,FALSE,FALSE,FALSE,,FALSE,FALSE,,TRUE,163 (E_UNIQUE_BST_COUNTER),893,,
Impenetrable Purity,691,190,81168,,,,,,,6 (E_SKILL_TYPE_AUTO_ERUPT),0 (Phys),,FALSE,FALSE,FALSE,FALSE,FALSE,FALSE,FALSE,,FALSE,FALSE,,TRUE,164 (E_UNIQUE_RAKUKAJYA2_KANTUU_BLOCK),,,
Tablet of Destinies,692,352,81169,,,,,,,6 (E_SKILL_TYPE_AUTO_ERUPT),0 (Phys),,FALSE,FALSE,FALSE,FALSE,FALSE,FALSE,FALSE,,FALSE,FALSE,,TRUE,165 (E_UNIQUE_BLOCK_WEAK_NOT_ESC),15,,
Lightning Speed,693,254,81170,,,,,,,6 (E_SKILL_TYPE_AUTO_ERUPT),0 (Phys),,FALSE,FALSE,FALSE,FALSE,FALSE,FALSE,FALSE,,FALSE,FALSE,,TRUE,166 (E_UNIQUE_SUKUKAJYA_CRITICAL_UP),200,,
Speed Star,694,340,81171,,,,,,,6 (E_SKILL_TYPE_AUTO_ERUPT),0 (Phys),,FALSE,FALSE,FALSE,FALSE,FALSE,FALSE,FALSE,,FALSE,FALSE,,TRUE,167 (E_UNIQUE_AGI_LOW_MAGIC_CRITICAL),,,
God's Aid,695,122,81172,,,,,,,6 (E_SKILL_TYPE_AUTO_ERUPT),0 (Phys),,FALSE,FALSE,FALSE,FALSE,FALSE,FALSE,FALSE,,FALSE,FALSE,,TRUE,168 (E_UNIQUE_GOD_HEART),3,,
Unwavering Faith,696,241,81173,,,,,,,6 (E_SKILL_TYPE_AUTO_ERUPT),0 (Phys),,FALSE,FALSE,FALSE,FALSE,FALSE,FALSE,FALSE,,FALSE,FALSE,,TRUE,169 (E_UNIQUE_STRICTLY_ADHERING),100,,
Bit Conversion,697,283,81174,,,,,,,6 (E_SKILL_TYPE_AUTO_ERUPT),0 (Phys),,FALSE,FALSE,FALSE,FALSE,FALSE,FALSE,FALSE,,FALSE,FALSE,,TRUE,170 (E_UNIQUE_SUBORDINATE_EQUIPMENT),100,,
Cleansing Jolt,698,741,81175,,,,,,,6 (E_SKILL_TYPE_AUTO_ERUPT),0 (Phys),,FALSE,FALSE,FALSE,FALSE,FALSE,FALSE,FALSE,,FALSE,FALSE,,TRUE,171 (E_UNIQUE_SURPLUS),100,,
Star Fragment,699,616,81176,,,,,,,6 (E_SKILL_TYPE_AUTO_ERUPT),0 (Phys),,FALSE,FALSE,FALSE,FALSE,FALSE,FALSE,FALSE,,FALSE,FALSE,,TRUE,172 (E_UNIQUE_STAR_PARTS),,,
Mitama Soul,700,37,81177,,,,,,,6 (E_SKILL_TYPE_AUTO_ERUPT),0 (Phys),,FALSE,FALSE,FALSE,FALSE,FALSE,FALSE,FALSE,,FALSE,FALSE,,TRUE,,,,
Qaditu Mandate,701,326,81178,,,,,,,6 (E_SKILL_TYPE_AUTO_ERUPT),0 (Phys),,FALSE,FALSE,FALSE,FALSE,FALSE,FALSE,FALSE,,FALSE,FALSE,,TRUE,173 (E_UNIQUE_NYOMA_DAMAGE_DOWN),85,,
Qaditu Artifice,702,323,81179,,,,,,,6 (E_SKILL_TYPE_AUTO_ERUPT),0 (Phys),,FALSE,FALSE,FALSE,FALSE,FALSE,FALSE,FALSE,,FALSE,FALSE,,TRUE,174 (E_UNIQUE_NYOMA_MAGIC_CRITICAL),,,
Qaditu Deception,703,322,81180,,,,,,,6 (E_SKILL_TYPE_AUTO_ERUPT),0 (Phys),,FALSE,FALSE,FALSE,FALSE,FALSE,FALSE,FALSE,,FALSE,FALSE,,TRUE,175 (E_UNIQUE_NYOMA_HIT_UP),125,176 (E_UNIQUE_NYOMA_ESC_UP),92
Qaditu Savagery,704,325,81181,,,,,,,6 (E_SKILL_TYPE_AUTO_ERUPT),0 (Phys),,FALSE,FALSE,FALSE,FALSE,FALSE,FALSE,FALSE,,FALSE,FALSE,,TRUE,177 (E_UNIQUE_NYOMA_CRITICAL_UP),200,,
Mother Goddess's Love,705,332,81182,,,,,,,6 (E_SKILL_TYPE_AUTO_ERUPT),0 (Phys),,FALSE,FALSE,FALSE,FALSE,FALSE,FALSE,FALSE,,FALSE,FALSE,,TRUE,183 (E_UNIQUE_LOW_HP_CURE_UP),300,,
Musmahhu,706,696,81183,,,,,,,6 (E_SKILL_TYPE_AUTO_ERUPT),0 (Phys),,FALSE,FALSE,FALSE,FALSE,FALSE,FALSE,FALSE,,FALSE,FALSE,,TRUE,184 (E_UNIQUE_KUISHIBARI_ABS),100,,
World Ingurgitation,707,86,81184,,,,,,,6 (E_SKILL_TYPE_AUTO_ERUPT),0 (Phys),,FALSE,FALSE,FALSE,FALSE,FALSE,FALSE,FALSE,,FALSE,FALSE,,TRUE,185 (E_UNIQUE_WEAK_TO_ABS),,,
Oath of Plenteousness,708,531,81185,,,,,,,6 (E_SKILL_TYPE_AUTO_ERUPT),0 (Phys),,FALSE,FALSE,FALSE,FALSE,FALSE,FALSE,FALSE,,FALSE,FALSE,,TRUE,188 (E_UNIQUE_ALL_AID_HPMP_UP),200,,
Qaditu Cohort,709,324,81186,,,,,,,6 (E_SKILL_TYPE_AUTO_ERUPT),0 (Phys),,FALSE,FALSE,FALSE,FALSE,FALSE,FALSE,FALSE,,FALSE,FALSE,,TRUE,186 (E_UNIQUE_NYOMA_BST_KANTUU),,,
Dawn of Demise,710,281,81187,,,,,,,6 (E_SKILL_TYPE_AUTO_ERUPT),0 (Phys),,FALSE,FALSE,FALSE,FALSE,FALSE,FALSE,FALSE,,FALSE,FALSE,,TRUE,189 (E_UNIQUE_CRITICAL_UP_KANTSUU),130,,
Magatsuhi Thriftiness,711,640,81188,,,,,,,6 (E_SKILL_TYPE_AUTO_ERUPT),0 (Phys),,FALSE,FALSE,FALSE,FALSE,FALSE,FALSE,FALSE,,FALSE,FALSE,,TRUE,190 (E_UNIQUE_SAVING_MAGATSUHI_SKILL_COST),,,
NOT USED:SKILL_NAME_SKILL_ID_712,712,999,99999,,,,,,,0 (E_SKILL_TYPE_PHYSICAL_ATK),0 (Phys),,FALSE,FALSE,FALSE,FALSE,FALSE,FALSE,FALSE,,FALSE,FALSE,,FALSE,,,,
NOT USED:SKILL_NAME_SKILL_ID_713,713,999,99999,,,,,,,0 (E_SKILL_TYPE_PHYSICAL_ATK),0 (Phys),,FALSE,FALSE,FALSE,FALSE,FALSE,FALSE,FALSE,,FALSE,FALSE,,FALSE,,,,
NOT USED:SKILL_NAME_SKILL_ID_714,714,999,99999,,,,,,,0 (E_SKILL_TYPE_PHYSICAL_ATK),0 (Phys),,FALSE,FALSE,FALSE,FALSE,FALSE,FALSE,FALSE,,FALSE,FALSE,,FALSE,,,,
NOT USED:SKILL_NAME_SKILL_ID_715,715,999,99999,,,,,,,0 (E_SKILL_TYPE_PHYSICAL_ATK),0 (Phys),,FALSE,FALSE,FALSE,FALSE,FALSE,FALSE,FALSE,,FALSE,FALSE,,FALSE,,,,
NOT USED:SKILL_NAME_SKILL_ID_716,716,999,99999,,,,,,,0 (E_SKILL_TYPE_PHYSICAL_ATK),0 (Phys),,FALSE,FALSE,FALSE,FALSE,FALSE,FALSE,FALSE,,FALSE,FALSE,,FALSE,,,,
NOT USED:SKILL_NAME_SKILL_ID_717,717,999,99999,,,,,,,0 (E_SKILL_TYPE_PHYSICAL_ATK),0 (Phys),,FALSE,FALSE,FALSE,FALSE,FALSE,FALSE,FALSE,,FALSE,FALSE,,FALSE,,,,
NOT USED:SKILL_NAME_SKILL_ID_718,718,999,99999,,,,,,,0 (E_SKILL_TYPE_PHYSICAL_ATK),0 (Phys),,FALSE,FALSE,FALSE,FALSE,FALSE,FALSE,FALSE,,FALSE,FALSE,,FALSE,,,,
NOT USED:SKILL_NAME_SKILL_ID_719,719,999,99999,,,,,,,0 (E_SKILL_TYPE_PHYSICAL_ATK),0 (Phys),,FALSE,FALSE,FALSE,FALSE,FALSE,FALSE,FALSE,,FALSE,FALSE,,FALSE,,,,
NOT USED:SKILL_NAME_SKILL_ID_720,720,999,99999,,,,,,,0 (E_SKILL_TYPE_PHYSICAL_ATK),0 (Phys),,FALSE,FALSE,FALSE,FALSE,FALSE,FALSE,FALSE,,FALSE,FALSE,,FALSE,,,,
NOT USED:SKILL_NAME_SKILL_ID_721,721,999,99999,,,,,,,0 (E_SKILL_TYPE_PHYSICAL_ATK),0 (Phys),,FALSE,FALSE,FALSE,FALSE,FALSE,FALSE,FALSE,,FALSE,FALSE,,FALSE,,,,
NOT USED:SKILL_NAME_SKILL_ID_722,722,999,99999,,,,,,,0 (E_SKILL_TYPE_PHYSICAL_ATK),0 (Phys),,FALSE,FALSE,FALSE,FALSE,FALSE,FALSE,FALSE,,FALSE,FALSE,,FALSE,,,,
NOT USED:SKILL_NAME_SKILL_ID_723,723,999,99999,,,,,,,0 (E_SKILL_TYPE_PHYSICAL_ATK),0 (Phys),,FALSE,FALSE,FALSE,FALSE,FALSE,FALSE,FALSE,,FALSE,FALSE,,FALSE,,,,
NOT USED:SKILL_NAME_SKILL_ID_724,724,999,99999,,,,,,,0 (E_SKILL_TYPE_PHYSICAL_ATK),0 (Phys),,FALSE,FALSE,FALSE,FALSE,FALSE,FALSE,FALSE,,FALSE,FALSE,,FALSE,,,,
NOT USED:SKILL_NAME_SKILL_ID_725,725,999,99999,,,,,,,0 (E_SKILL_TYPE_PHYSICAL_ATK),0 (Phys),,FALSE,FALSE,FALSE,FALSE,FALSE,FALSE,FALSE,,FALSE,FALSE,,FALSE,,,,
NOT USED:SKILL_NAME_SKILL_ID_726,726,999,99999,,,,,,,0 (E_SKILL_TYPE_PHYSICAL_ATK),0 (Phys),,FALSE,FALSE,FALSE,FALSE,FALSE,FALSE,FALSE,,FALSE,FALSE,,FALSE,,,,
NOT USED:SKILL_NAME_SKILL_ID_727,727,999,99999,,,,,,,0 (E_SKILL_TYPE_PHYSICAL_ATK),0 (Phys),,FALSE,FALSE,FALSE,FALSE,FALSE,FALSE,FALSE,,FALSE,FALSE,,FALSE,,,,
NOT USED:SKILL_NAME_SKILL_ID_728,728,999,99999,,,,,,,0 (E_SKILL_TYPE_PHYSICAL_ATK),0 (Phys),,FALSE,FALSE,FALSE,FALSE,FALSE,FALSE,FALSE,,FALSE,FALSE,,FALSE,,,,
NOT USED:SKILL_NAME_SKILL_ID_729,729,999,99999,,,,,,,0 (E_SKILL_TYPE_PHYSICAL_ATK),0 (Phys),,FALSE,FALSE,FALSE,FALSE,FALSE,FALSE,FALSE,,FALSE,FALSE,,FALSE,,,,
NOT USED:SKILL_NAME_SKILL_ID_730,730,999,99999,,,,,,,0 (E_SKILL_TYPE_PHYSICAL_ATK),0 (Phys),,FALSE,FALSE,FALSE,FALSE,FALSE,FALSE,FALSE,,FALSE,FALSE,,FALSE,,,,
NOT USED:SKILL_NAME_SKILL_ID_731,731,999,99999,,,,,,,0 (E_SKILL_TYPE_PHYSICAL_ATK),0 (Phys),,FALSE,FALSE,FALSE,FALSE,FALSE,FALSE,FALSE,,FALSE,FALSE,,FALSE,,,,
NOT USED:SKILL_NAME_SKILL_ID_732,732,999,99999,,,,,,,0 (E_SKILL_TYPE_PHYSICAL_ATK),0 (Phys),,FALSE,FALSE,FALSE,FALSE,FALSE,FALSE,FALSE,,FALSE,FALSE,,FALSE,,,,
NOT USED:SKILL_NAME_SKILL_ID_733,733,999,99999,,,,,,,0 (E_SKILL_TYPE_PHYSICAL_ATK),0 (Phys),,FALSE,FALSE,FALSE,FALSE,FALSE,FALSE,FALSE,,FALSE,FALSE,,FALSE,,,,
NOT USED:SKILL_NAME_SKILL_ID_734,734,999,99999,,,,,,,0 (E_SKILL_TYPE_PHYSICAL_ATK),0 (Phys),,FALSE,FALSE,FALSE,FALSE,FALSE,FALSE,FALSE,,FALSE,FALSE,,FALSE,,,,
NOT USED:SKILL_NAME_SKILL_ID_735,735,999,99999,,,,,,,0 (E_SKILL_TYPE_PHYSICAL_ATK),0 (Phys),,FALSE,FALSE,FALSE,FALSE,FALSE,FALSE,FALSE,,FALSE,FALSE,,FALSE,,,,
NOT USED:SKILL_NAME_SKILL_ID_736,736,999,99999,,,,,,,0 (E_SKILL_TYPE_PHYSICAL_ATK),0 (Phys),,FALSE,FALSE,FALSE,FALSE,FALSE,FALSE,FALSE,,FALSE,FALSE,,FALSE,,,,
NOT USED:SKILL_NAME_SKILL_ID_737,737,999,99999,,,,,,,0 (E_SKILL_TYPE_PHYSICAL_ATK),0 (Phys),,FALSE,FALSE,FALSE,FALSE,FALSE,FALSE,FALSE,,FALSE,FALSE,,FALSE,,,,
NOT USED:SKILL_NAME_SKILL_ID_738,738,999,99999,,,,,,,0 (E_SKILL_TYPE_PHYSICAL_ATK),0 (Phys),,FALSE,FALSE,FALSE,FALSE,FALSE,FALSE,FALSE,,FALSE,FALSE,,FALSE,,,,
NOT USED:SKILL_NAME_SKILL_ID_739,739,999,99999,,,,,,,0 (E_SKILL_TYPE_PHYSICAL_ATK),0 (Phys),,FALSE,FALSE,FALSE,FALSE,FALSE,FALSE,FALSE,,FALSE,FALSE,,FALSE,,,,
NOT USED:SKILL_NAME_SKILL_ID_740,740,999,99999,,,,,,,0 (E_SKILL_TYPE_PHYSICAL_ATK),0 (Phys),,FALSE,FALSE,FALSE,FALSE,FALSE,FALSE,FALSE,,FALSE,FALSE,,FALSE,,,,
NOT USED:SKILL_NAME_SKILL_ID_741,741,999,99999,,,,,,,0 (E_SKILL_TYPE_PHYSICAL_ATK),0 (Phys),,FALSE,FALSE,FALSE,FALSE,FALSE,FALSE,FALSE,,FALSE,FALSE,,FALSE,,,,
NOT USED:SKILL_NAME_SKILL_ID_742,742,999,99999,,,,,,,0 (E_SKILL_TYPE_PHYSICAL_ATK),0 (Phys),,FALSE,FALSE,FALSE,FALSE,FALSE,FALSE,FALSE,,FALSE,FALSE,,FALSE,,,,
NOT USED:SKILL_NAME_SKILL_ID_743,743,999,99999,,,,,,,0 (E_SKILL_TYPE_PHYSICAL_ATK),0 (Phys),,FALSE,FALSE,FALSE,FALSE,FALSE,FALSE,FALSE,,FALSE,FALSE,,FALSE,,,,
NOT USED:SKILL_NAME_SKILL_ID_744,744,999,99999,,,,,,,0 (E_SKILL_TYPE_PHYSICAL_ATK),0 (Phys),,FALSE,FALSE,FALSE,FALSE,FALSE,FALSE,FALSE,,FALSE,FALSE,,FALSE,,,,
NOT USED:SKILL_NAME_SKILL_ID_745,745,999,99999,,,,,,,0 (E_SKILL_TYPE_PHYSICAL_ATK),0 (Phys),,FALSE,FALSE,FALSE,FALSE,FALSE,FALSE,FALSE,,FALSE,FALSE,,FALSE,,,,
NOT USED:SKILL_NAME_SKILL_ID_746,746,999,99999,,,,,,,0 (E_SKILL_TYPE_PHYSICAL_ATK),0 (Phys),,FALSE,FALSE,FALSE,FALSE,FALSE,FALSE,FALSE,,FALSE,FALSE,,FALSE,,,,
NOT USED:SKILL_NAME_SKILL_ID_747,747,999,99999,,,,,,,0 (E_SKILL_TYPE_PHYSICAL_ATK),0 (Phys),,FALSE,FALSE,FALSE,FALSE,FALSE,FALSE,FALSE,,FALSE,FALSE,,FALSE,,,,
NOT USED:SKILL_NAME_SKILL_ID_748,748,999,99999,,,,,,,0 (E_SKILL_TYPE_PHYSICAL_ATK),0 (Phys),,FALSE,FALSE,FALSE,FALSE,FALSE,FALSE,FALSE,,FALSE,FALSE,,FALSE,,,,
NOT USED:SKILL_NAME_SKILL_ID_749,749,999,99999,,,,,,,0 (E_SKILL_TYPE_PHYSICAL_ATK),0 (Phys),,FALSE,FALSE,FALSE,FALSE,FALSE,FALSE,FALSE,,FALSE,FALSE,,FALSE,,,,
NOT USED:SKILL_NAME_SKILL_ID_750,750,999,99999,,,,,,,0 (E_SKILL_TYPE_PHYSICAL_ATK),0 (Phys),,FALSE,FALSE,FALSE,FALSE,FALSE,FALSE,FALSE,,FALSE,FALSE,,FALSE,,,,
NOT USED:SKILL_NAME_SKILL_ID_751,751,999,99999,,,,,,,0 (E_SKILL_TYPE_PHYSICAL_ATK),0 (Phys),,FALSE,FALSE,FALSE,FALSE,FALSE,FALSE,FALSE,,FALSE,FALSE,,FALSE,,,,
NOT USED:SKILL_NAME_SKILL_ID_752,752,999,99999,,,,,,,0 (E_SKILL_TYPE_PHYSICAL_ATK),0 (Phys),,FALSE,FALSE,FALSE,FALSE,FALSE,FALSE,FALSE,,FALSE,FALSE,,FALSE,,,,
NOT USED:SKILL_NAME_SKILL_ID_753,753,999,99999,,,,,,,0 (E_SKILL_TYPE_PHYSICAL_ATK),0 (Phys),,FALSE,FALSE,FALSE,FALSE,FALSE,FALSE,FALSE,,FALSE,FALSE,,FALSE,,,,
NOT USED:SKILL_NAME_SKILL_ID_754,754,999,99999,,,,,,,0 (E_SKILL_TYPE_PHYSICAL_ATK),0 (Phys),,FALSE,FALSE,FALSE,FALSE,FALSE,FALSE,FALSE,,FALSE,FALSE,,FALSE,,,,
NOT USED:SKILL_NAME_SKILL_ID_755,755,999,99999,,,,,,,0 (E_SKILL_TYPE_PHYSICAL_ATK),0 (Phys),,FALSE,FALSE,FALSE,FALSE,FALSE,FALSE,FALSE,,FALSE,FALSE,,FALSE,,,,
NOT USED:SKILL_NAME_SKILL_ID_756,756,999,99999,,,,,,,0 (E_SKILL_TYPE_PHYSICAL_ATK),0 (Phys),,FALSE,FALSE,FALSE,FALSE,FALSE,FALSE,FALSE,,FALSE,FALSE,,FALSE,,,,
NOT USED:SKILL_NAME_SKILL_ID_757,757,999,99999,,,,,,,0 (E_SKILL_TYPE_PHYSICAL_ATK),0 (Phys),,FALSE,FALSE,FALSE,FALSE,FALSE,FALSE,FALSE,,FALSE,FALSE,,FALSE,,,,
NOT USED:SKILL_NAME_SKILL_ID_758,758,999,99999,,,,,,,0 (E_SKILL_TYPE_PHYSICAL_ATK),0 (Phys),,FALSE,FALSE,FALSE,FALSE,FALSE,FALSE,FALSE,,FALSE,FALSE,,FALSE,,,,
NOT USED:SKILL_NAME_SKILL_ID_759,759,999,99999,,,,,,,0 (E_SKILL_TYPE_PHYSICAL_ATK),0 (Phys),,FALSE,FALSE,FALSE,FALSE,FALSE,FALSE,FALSE,,FALSE,FALSE,,FALSE,,,,
NOT USED:SKILL_NAME_SKILL_ID_760,760,999,99999,,,,,,,0 (E_SKILL_TYPE_PHYSICAL_ATK),0 (Phys),,FALSE,FALSE,FALSE,FALSE,FALSE,FALSE,FALSE,,FALSE,FALSE,,FALSE,,,,
NOT USED:SKILL_NAME_SKILL_ID_761,761,999,99999,,,,,,,0 (E_SKILL_TYPE_PHYSICAL_ATK),0 (Phys),,FALSE,FALSE,FALSE,FALSE,FALSE,FALSE,FALSE,,FALSE,FALSE,,FALSE,,,,
NOT USED:SKILL_NAME_SKILL_ID_762,762,999,99999,,,,,,,0 (E_SKILL_TYPE_PHYSICAL_ATK),0 (Phys),,FALSE,FALSE,FALSE,FALSE,FALSE,FALSE,FALSE,,FALSE,FALSE,,FALSE,,,,
NOT USED:SKILL_NAME_SKILL_ID_763,763,999,99999,,,,,,,0 (E_SKILL_TYPE_PHYSICAL_ATK),0 (Phys),,FALSE,FALSE,FALSE,FALSE,FALSE,FALSE,FALSE,,FALSE,FALSE,,FALSE,,,,
NOT USED:SKILL_NAME_SKILL_ID_764,764,999,99999,,,,,,,0 (E_SKILL_TYPE_PHYSICAL_ATK),0 (Phys),,FALSE,FALSE,FALSE,FALSE,FALSE,FALSE,FALSE,,FALSE,FALSE,,FALSE,,,,
NOT USED:SKILL_NAME_SKILL_ID_765,765,999,99999,,,,,,,0 (E_SKILL_TYPE_PHYSICAL_ATK),0 (Phys),,FALSE,FALSE,FALSE,FALSE,FALSE,FALSE,FALSE,,FALSE,FALSE,,FALSE,,,,
NOT USED:SKILL_NAME_SKILL_ID_766,766,999,99999,,,,,,,0 (E_SKILL_TYPE_PHYSICAL_ATK),0 (Phys),,FALSE,FALSE,FALSE,FALSE,FALSE,FALSE,FALSE,,FALSE,FALSE,,FALSE,,,,
NOT USED:SKILL_NAME_SKILL_ID_767,767,999,99999,,,,,,,0 (E_SKILL_TYPE_PHYSICAL_ATK),0 (Phys),,FALSE,FALSE,FALSE,FALSE,FALSE,FALSE,FALSE,,FALSE,FALSE,,FALSE,,,,
NOT USED:SKILL_NAME_SKILL_ID_768,768,999,99999,,,,,,,0 (E_SKILL_TYPE_PHYSICAL_ATK),0 (Phys),,FALSE,FALSE,FALSE,FALSE,FALSE,FALSE,FALSE,,FALSE,FALSE,,FALSE,,,,
NOT USED:SKILL_NAME_SKILL_ID_769,769,999,99999,,,,,,,0 (E_SKILL_TYPE_PHYSICAL_ATK),0 (Phys),,FALSE,FALSE,FALSE,FALSE,FALSE,FALSE,FALSE,,FALSE,FALSE,,FALSE,,,,
NOT USED:SKILL_NAME_SKILL_ID_770,770,999,99999,,,,,,,0 (E_SKILL_TYPE_PHYSICAL_ATK),0 (Phys),,FALSE,FALSE,FALSE,FALSE,FALSE,FALSE,FALSE,,FALSE,FALSE,,FALSE,,,,
NOT USED:SKILL_NAME_SKILL_ID_771,771,999,99999,,,,,,,0 (E_SKILL_TYPE_PHYSICAL_ATK),0 (Phys),,FALSE,FALSE,FALSE,FALSE,FALSE,FALSE,FALSE,,FALSE,FALSE,,FALSE,,,,
NOT USED:SKILL_NAME_SKILL_ID_772,772,999,99999,,,,,,,0 (E_SKILL_TYPE_PHYSICAL_ATK),0 (Phys),,FALSE,FALSE,FALSE,FALSE,FALSE,FALSE,FALSE,,FALSE,FALSE,,FALSE,,,,
NOT USED:SKILL_NAME_SKILL_ID_773,773,999,99999,,,,,,,0 (E_SKILL_TYPE_PHYSICAL_ATK),0 (Phys),,FALSE,FALSE,FALSE,FALSE,FALSE,FALSE,FALSE,,FALSE,FALSE,,FALSE,,,,
NOT USED:SKILL_NAME_SKILL_ID_774,774,999,99999,,,,,,,0 (E_SKILL_TYPE_PHYSICAL_ATK),0 (Phys),,FALSE,FALSE,FALSE,FALSE,FALSE,FALSE,FALSE,,FALSE,FALSE,,FALSE,,,,
NOT USED:SKILL_NAME_SKILL_ID_775,775,999,99999,,,,,,,0 (E_SKILL_TYPE_PHYSICAL_ATK),0 (Phys),,FALSE,FALSE,FALSE,FALSE,FALSE,FALSE,FALSE,,FALSE,FALSE,,FALSE,,,,
NOT USED:SKILL_NAME_SKILL_ID_776,776,999,99999,,,,,,,0 (E_SKILL_TYPE_PHYSICAL_ATK),0 (Phys),,FALSE,FALSE,FALSE,FALSE,FALSE,FALSE,FALSE,,FALSE,FALSE,,FALSE,,,,
NOT USED:SKILL_NAME_SKILL_ID_777,777,999,99999,,,,,,,0 (E_SKILL_TYPE_PHYSICAL_ATK),0 (Phys),,FALSE,FALSE,FALSE,FALSE,FALSE,FALSE,FALSE,,FALSE,FALSE,,FALSE,,,,
NOT USED:SKILL_NAME_SKILL_ID_778,778,999,99999,,,,,,,0 (E_SKILL_TYPE_PHYSICAL_ATK),0 (Phys),,FALSE,FALSE,FALSE,FALSE,FALSE,FALSE,FALSE,,FALSE,FALSE,,FALSE,,,,
NOT USED:SKILL_NAME_SKILL_ID_779,779,999,99999,,,,,,,0 (E_SKILL_TYPE_PHYSICAL_ATK),0 (Phys),,FALSE,FALSE,FALSE,FALSE,FALSE,FALSE,FALSE,,FALSE,FALSE,,FALSE,,,,
NOT USED:SKILL_NAME_SKILL_ID_780,780,999,99999,,,,,,,0 (E_SKILL_TYPE_PHYSICAL_ATK),0 (Phys),,FALSE,FALSE,FALSE,FALSE,FALSE,FALSE,FALSE,,FALSE,FALSE,,FALSE,,,,
NOT USED:SKILL_NAME_SKILL_ID_781,781,999,99999,,,,,,,0 (E_SKILL_TYPE_PHYSICAL_ATK),0 (Phys),,FALSE,FALSE,FALSE,FALSE,FALSE,FALSE,FALSE,,FALSE,FALSE,,FALSE,,,,
NOT USED:SKILL_NAME_SKILL_ID_782,782,999,99999,,,,,,,0 (E_SKILL_TYPE_PHYSICAL_ATK),0 (Phys),,FALSE,FALSE,FALSE,FALSE,FALSE,FALSE,FALSE,,FALSE,FALSE,,FALSE,,,,
NOT USED:SKILL_NAME_SKILL_ID_783,783,999,99999,,,,,,,0 (E_SKILL_TYPE_PHYSICAL_ATK),0 (Phys),,FALSE,FALSE,FALSE,FALSE,FALSE,FALSE,FALSE,,FALSE,FALSE,,FALSE,,,,
NOT USED:SKILL_NAME_SKILL_ID_784,784,999,99999,,,,,,,0 (E_SKILL_TYPE_PHYSICAL_ATK),0 (Phys),,FALSE,FALSE,FALSE,FALSE,FALSE,FALSE,FALSE,,FALSE,FALSE,,FALSE,,,,
NOT USED:SKILL_NAME_SKILL_ID_785,785,999,99999,,,,,,,0 (E_SKILL_TYPE_PHYSICAL_ATK),0 (Phys),,FALSE,FALSE,FALSE,FALSE,FALSE,FALSE,FALSE,,FALSE,FALSE,,FALSE,,,,
NOT USED:SKILL_NAME_SKILL_ID_786,786,999,99999,,,,,,,0 (E_SKILL_TYPE_PHYSICAL_ATK),0 (Phys),,FALSE,FALSE,FALSE,FALSE,FALSE,FALSE,FALSE,,FALSE,FALSE,,FALSE,,,,
NOT USED:SKILL_NAME_SKILL_ID_787,787,999,99999,,,,,,,0 (E_SKILL_TYPE_PHYSICAL_ATK),0 (Phys),,FALSE,FALSE,FALSE,FALSE,FALSE,FALSE,FALSE,,FALSE,FALSE,,FALSE,,,,
NOT USED:SKILL_NAME_SKILL_ID_788,788,999,99999,,,,,,,0 (E_SKILL_TYPE_PHYSICAL_ATK),0 (Phys),,FALSE,FALSE,FALSE,FALSE,FALSE,FALSE,FALSE,,FALSE,FALSE,,FALSE,,,,
NOT USED:SKILL_NAME_SKILL_ID_789,789,999,99999,,,,,,,0 (E_SKILL_TYPE_PHYSICAL_ATK),0 (Phys),,FALSE,FALSE,FALSE,FALSE,FALSE,FALSE,FALSE,,FALSE,FALSE,,FALSE,,,,
NOT USED:SKILL_NAME_SKILL_ID_790,790,999,99999,,,,,,,0 (E_SKILL_TYPE_PHYSICAL_ATK),0 (Phys),,FALSE,FALSE,FALSE,FALSE,FALSE,FALSE,FALSE,,FALSE,FALSE,,FALSE,,,,
NOT USED:SKILL_NAME_SKILL_ID_791,791,999,99999,,,,,,,0 (E_SKILL_TYPE_PHYSICAL_ATK),0 (Phys),,FALSE,FALSE,FALSE,FALSE,FALSE,FALSE,FALSE,,FALSE,FALSE,,FALSE,,,,
NOT USED:SKILL_NAME_SKILL_ID_792,792,999,99999,,,,,,,0 (E_SKILL_TYPE_PHYSICAL_ATK),0 (Phys),,FALSE,FALSE,FALSE,FALSE,FALSE,FALSE,FALSE,,FALSE,FALSE,,FALSE,,,,
NOT USED:SKILL_NAME_SKILL_ID_793,793,999,99999,,,,,,,0 (E_SKILL_TYPE_PHYSICAL_ATK),0 (Phys),,FALSE,FALSE,FALSE,FALSE,FALSE,FALSE,FALSE,,FALSE,FALSE,,FALSE,,,,
NOT USED:SKILL_NAME_SKILL_ID_794,794,999,99999,,,,,,,0 (E_SKILL_TYPE_PHYSICAL_ATK),0 (Phys),,FALSE,FALSE,FALSE,FALSE,FALSE,FALSE,FALSE,,FALSE,FALSE,,FALSE,,,,
NOT USED:SKILL_NAME_SKILL_ID_795,795,999,99999,,,,,,,0 (E_SKILL_TYPE_PHYSICAL_ATK),0 (Phys),,FALSE,FALSE,FALSE,FALSE,FALSE,FALSE,FALSE,,FALSE,FALSE,,FALSE,,,,
NOT USED:SKILL_NAME_SKILL_ID_796,796,999,99999,,,,,,,0 (E_SKILL_TYPE_PHYSICAL_ATK),0 (Phys),,FALSE,FALSE,FALSE,FALSE,FALSE,FALSE,FALSE,,FALSE,FALSE,,FALSE,,,,
NOT USED:SKILL_NAME_SKILL_ID_797,797,999,99999,,,,,,,0 (E_SKILL_TYPE_PHYSICAL_ATK),0 (Phys),,FALSE,FALSE,FALSE,FALSE,FALSE,FALSE,FALSE,,FALSE,FALSE,,FALSE,,,,
NOT USED:SKILL_NAME_SKILL_ID_798,798,999,99999,,,,,,,0 (E_SKILL_TYPE_PHYSICAL_ATK),0 (Phys),,FALSE,FALSE,FALSE,FALSE,FALSE,FALSE,FALSE,,FALSE,FALSE,,FALSE,,,,
NOT USED:SKILL_NAME_SKILL_ID_799,799,999,99999,,,,,,,0 (E_SKILL_TYPE_PHYSICAL_ATK),0 (Phys),,FALSE,FALSE,FALSE,FALSE,FALSE,FALSE,FALSE,,FALSE,FALSE,,FALSE,,,,
NOT USED:SKILL_NAME_SKILL_ID_800,800,999,99999,,,,,,,0 (E_SKILL_TYPE_PHYSICAL_ATK),0 (Phys),,FALSE,FALSE,FALSE,FALSE,FALSE,FALSE,FALSE,,FALSE,FALSE,,FALSE,,,,